Timestamp,total_connections,sum_syn_ack_rst_flags,unique_dest_ports,avg_bytes_per_sec,avg_packets_per_sec,avg_iat_mean,avg_iat_variance,attack_fraction,dominant_attack_type,pkt_ttl_variance,pkt_tcp_window_avg,pkt_ip_frag_fraction,pkt_payload_mean,pkt_payload_std,pkt_retrans_count,pkt_portscan_delta_std,source_file
2017-07-03 01:26:30,1,0,1,10211.896859841714,204.23793719683428,12991.0,506142363.9999998,0.0,BENIGN,0.0,0.0,0.0,32.0,11.313708498984761,1,0.0,File_4
2017-07-03 01:28:30,1,0,1,1100671.1409395975,26845.63758389261,3.0,0.0,0.0,BENIGN,0.0,0.0,0.0,123.0,118.79393923933998,1,0.0,File_4
2017-07-03 01:31:30,1,0,1,1118012.4223602484,24844.72049689441,3.0,0.0,0.0,BENIGN,0.0,0.0,0.0,93.0,33.94112549695428,1,0.0,File_4
2017-07-03 01:42:20,1,0,1,11016.590072031551,195.5607705094358,5795.666666666666,100664961.33333333,0.0,BENIGN,0.0,0.0,0.0,40.0,11.313708498984761,1,0.0,File_4
2017-07-03 01:53:10,5,0,1,486533.60623841704,5456.5289595690565,10024.0,409938356.0666667,0.0,BENIGN,0.0,0.0,0.0,58.09090909090909,30.161082690959706,6,27063.962419608848,File_4
2017-07-03 01:58:30,1,0,1,1946.5821638750567,33.95201448619285,10118.333333333332,306959905.33333343,0.0,BENIGN,0.0,0.0,0.0,40.0,22.627416997969522,1,0.0,File_4
2017-07-03 01:59:40,1,0,1,1565217.391304348,19323.671497584543,46.0,0.0,0.0,BENIGN,2048.0,0.0,0.0,66.5,44.54772721475249,1,0.0,File_4
2017-07-03 02:10:40,1,0,1,1381818.181818182,24242.424242424244,3.0,0.0,0.0,BENIGN,0.0,0.0,0.0,64.0,55.42562584220407,3,0.0,File_4
2017-07-03 02:14:10,1,0,1,995305.1643192488,18779.34272300469,48.0,0.0,0.0,BENIGN,0.0,0.0,0.0,33.0,0.0,1,0.0,File_4
2017-07-03 02:17:30,1,0,1,1419354.838709677,25806.451612903227,4.0,0.0,0.0,BENIGN,0.0,0.0,0.0,59.5,38.890872965260115,1,0.0,File_4
2017-07-03 02:24:10,2,0,1,567663.4362751979,13201.475262213906,5146.0,158733553.99999997,0.0,BENIGN,0.0,0.0,0.0,66.83333333333333,49.865485725766945,4,27810.577232412852,File_4
2017-07-03 02:31:00,1,0,1,759259.2592592593,18518.51851851852,3.0,0.0,0.0,BENIGN,0.0,0.0,0.0,56.5,44.45597072760118,3,29494.83805685327,File_4
2017-07-03 02:51:10,2,0,1,648041.0032136459,12662.354419526666,25.5,0.0,0.0,BENIGN,0.0,0.0,0.0,54.75,54.823200684868205,2,28473.61540092863,File_4
2017-07-03 03:15:20,1,0,1,2517.461468473584,27.3637116138433,3.0,0.0,0.0,BENIGN,2048.0,0.0,0.0,60.5,36.062445840513924,1,0.0,File_4
2017-07-03 03:42:30,1,0,1,7955.417356539999,121.14848766304569,10049.333333333332,302756302.3333334,0.0,BENIGN,0.0,0.0,0.0,37.0,11.313708498984761,1,0.0,File_4
2017-07-03 03:58:40,2,0,1,1160416.6666666665,22916.666666666664,26.5,0.0,0.0,BENIGN,0.0,0.0,0.0,66.75,40.86869217383889,2,27060.000049273218,File_4
2017-07-03 03:58:50,1,0,1,14684.383223417044,259.9005880250804,10201.0,311967019.00000006,0.0,BENIGN,0.0,0.0,0.0,71.0,39.59797974644666,1,0.0,File_4
2017-07-03 04:06:00,1,0,1,1927272.7272727275,24242.424242424244,3.0,0.0,0.0,BENIGN,2048.0,0.0,0.0,52.5,33.23401871576773,1,0.0,File_4
2017-07-03 04:31:20,3,0,1,433000.0771613076,8448.722950176558,3434.444444444444,103680104.11111112,0.0,BENIGN,0.0,0.0,0.0,51.333333333333336,31.90402273486318,3,28234.517633563355,File_4
2017-07-03 04:31:30,1,0,1,6510.019326619877,162.75048316549692,16342.666666666668,796597370.3333334,0.0,BENIGN,0.0,0.0,0.0,33.0,11.313708498984761,1,0.0,File_4
2017-07-03 04:44:40,2,0,1,1011640.748276217,10998.411046038002,9497.5,540930150.5000001,0.0,BENIGN,0.0,0.0,0.0,49.75,28.312247055529404,2,881.9978584000204,File_4
2017-07-03 04:44:50,3,0,1,855575.9173024106,6687.525257260932,3903.0,135862336.00000003,0.0,BENIGN,0.0,0.0,0.0,68.83333333333333,66.94599813780258,3,29486.101148846385,File_4
2017-07-03 04:46:20,2,0,1,7361.437148193929,65.19266981627766,250489.6666666667,376393041312.1667,0.0,BENIGN,0.0,0.0,0.0,89.16666666666667,45.44190430282017,4,29658.85097976656,File_4
2017-07-03 04:46:30,1,0,1,1308641.975308642,24691.358024691355,3.0,0.0,0.0,BENIGN,0.0,0.0,0.0,123.5,118.08683245815344,1,0.0,File_4
2017-07-03 04:46:50,1,0,1,2256410.2564102565,20512.82051282051,3.0,0.0,0.0,BENIGN,0.0,0.0,0.0,77.5,75.66042558696059,1,0.0,File_4
2017-07-03 04:49:10,1,0,1,16222.77575525324,127.73839177364756,47.0,0.0,0.0,BENIGN,0.0,0.0,0.0,61.5,50.22947341949744,3,27788.825096110526,File_4
2017-07-03 04:49:20,1,0,1,10747.43527112848,195.40791402051784,10166.666666666668,308499890.3333333,0.0,BENIGN,0.0,0.0,0.0,123.0,90.50966799187809,1,0.0,File_4
2017-07-03 04:51:00,1,0,1,330729.1666666667,5208.333333333333,4.0,0.0,0.0,BENIGN,0.0,0.0,0.0,93.66666666666667,91.22134253196086,2,26426.5,File_4
2017-07-03 04:55:10,1,0,1,17317.18259309107,179.4526693584567,14780.666666666668,653189672.3333336,0.0,BENIGN,0.0,0.0,0.0,60.0,39.59797974644666,1,0.0,File_4
2017-07-03 04:55:20,1,0,1,5361.038961038961,124.67532467532467,10141.333333333332,306930066.3333334,0.0,BENIGN,0.0,0.0,0.0,29.0,22.627416997969522,1,0.0,File_4
2017-07-03 08:56:50,1,0,1,8.792388490342166,0.1831747602154617,13102219.4,810140637393971.2,0.0,BENIGN,0.0,0.0,0.0,36.0,0.0,1,0.0,File_4
2017-07-03 08:57:20,1,0,1,2699.01091124533,32.91476721030891,0.0,0.0,0.0,BENIGN,8064.5,0.0,0.0,53.0,19.79898987322333,1,0.0,File_4
2017-07-03 08:57:30,2,0,1,12.234549890034096,0.254886456042377,10030127.476923078,624503763165434.8,0.0,BENIGN,1365.3333333333333,0.0,0.0,36.0,0.0,2,0.0,File_4
2017-07-03 08:57:40,1,0,1,8.56290893576475,0.1783939361617656,12444444.888888888,478028261837147.3,0.0,BENIGN,60.5,0.0,0.0,36.0,0.0,1,0.0,File_4
2017-07-03 08:57:50,2,0,1,2.951613592996706,0.061491949854098,65000000.5,0.0,0.0,BENIGN,60.916666666666664,0.0,0.0,36.0,0.0,2,0.0,File_4
2017-07-03 08:58:00,1,0,1,10.169371025764026,0.2118618963700838,10999996.0,486000712808464.06,0.0,BENIGN,50.0,0.0,0.0,36.0,0.0,1,0.0,File_4
2017-07-03 08:58:10,1,0,1,2.995596332971953,0.0624082569369156,63999960.0,0.0,0.0,BENIGN,98.0,0.0,0.0,36.0,0.0,1,0.0,File_4
2017-07-03 08:59:20,1,0,1,3141.9408403470784,32.55897243882983,0.0,0.0,0.0,BENIGN,0.0,0.0,0.0,147.0,0.0,0,0.0,File_4
2017-07-03 08:59:30,3,0,1,6131.898574253093,65.29054630704405,0.0,0.0,0.0,BENIGN,4608.285714285715,0.0,0.0,60.375,21.68566017309266,5,20932.850641018384,File_4
2017-07-03 09:01:40,1,0,1,203812.3167155425,2932.551319648094,0.0,0.0,0.0,BENIGN,8064.5,0.0,0.0,86.0,45.254833995939045,1,0.0,File_4
2017-07-03 09:02:00,2,0,1,3261.429347623547,65.22858695247093,0.0,0.0,0.0,BENIGN,5376.333333333333,0.0,0.0,81.5,49.80294502670834,2,28451.749018684637,File_4
2017-07-03 09:02:10,4,0,1,5450.676857292703,57.36189264189785,0.0,0.0,0.0,BENIGN,4608.285714285715,0.0,0.0,87.75,57.3703507297728,4,21260.569928237328,File_4
2017-07-03 09:02:20,1,0,1,334.8506245156146,2.8402204020120667,353499.34939759044,7024205746463.063,0.0,BENIGN,0.0,0.0,0.0,33.0,0.0,0,0.0,File_4
2017-07-03 09:02:30,1,0,1,13.71245957846981,0.285676241218121,7539454.846153846,376587356236991.56,0.0,BENIGN,2048.0,0.0,0.0,36.0,0.0,1,0.0,File_4
2017-07-03 09:02:40,1,0,1,2.9074821463560188,0.0605725447157503,65999901.0,0.0,0.0,BENIGN,84.5,0.0,0.0,36.0,0.0,1,0.0,File_4
2017-07-03 09:03:00,3,0,2,2357.649677738011,21.85250945446752,43999925.333333336,0.0,0.0,BENIGN,6476.166666666668,0.0,0.0,67.66666666666667,81.04484355384163,3,29853.08553298972,File_4
2017-07-03 09:03:10,1,0,1,8.791222208825104,0.1831504626838563,13103955.4,810162504074008.2,0.0,BENIGN,0.0,0.0,0.0,36.0,0.0,1,0.0,File_4
2017-07-03 09:03:20,1,0,1,3913.42889883462,43.24230827441568,0.0,0.0,0.0,BENIGN,8064.5,0.0,0.0,81.5,34.64823227814083,1,0.0,File_4
2017-07-03 09:04:10,2,0,1,5838.357627313364,63.534965906558824,0.0,0.0,0.0,BENIGN,5376.333333333333,0.0,0.0,99.25,95.97004741063745,2,34.883934538536344,File_4
2017-07-03 09:04:20,1,0,1,286000.0,4000.0,0.0,0.0,0.0,BENIGN,4838.7,0.0,0.0,56.833333333333336,24.571663896990504,5,30614.212703252717,File_4
2017-07-03 09:06:10,1,0,1,2675.192483361608,32.62429857758058,0.0,0.0,0.0,BENIGN,8064.5,0.0,0.0,97.0,11.313708498984761,1,0.0,File_4
2017-07-03 09:06:20,5,0,1,3691.4374046152093,42.04459301529015,0.0,0.0,0.0,BENIGN,4480.277777777777,0.0,0.0,61.9,48.342412940283495,5,25390.919367383838,File_4
2017-07-03 09:06:30,8,0,1,5423.560455833771,60.85755770772829,0.0,0.0,0.0,BENIGN,4244.473684210527,0.0,0.0,59.8,32.61514017172167,12,30281.143262978356,File_4
2017-07-03 09:06:40,11,0,1,39811.67466354158,442.3540367370849,0.0,0.0,0.0,BENIGN,4224.261904761905,0.0,0.0,77.18181818181819,41.89855817912088,11,29903.425133452824,File_4
2017-07-03 09:06:50,15,0,1,25942.44966893257,318.2449724780556,0.0,0.0,0.0,BENIGN,4154.439393939394,0.0,0.0,63.970588235294116,36.963114533371375,19,30285.500434489986,File_4
2017-07-03 09:07:00,3,0,1,6524.942905376646,64.66599982499558,0.0,0.0,0.0,BENIGN,4838.7,0.0,0.0,96.16666666666667,49.48703533923473,3,402.3522834531948,File_4
2017-07-03 09:07:20,1,0,1,5622.994740846096,66.15287930407172,0.0,0.0,0.0,BENIGN,8064.5,0.0,0.0,123.0,57.982756057296896,1,0.0,File_4
2017-07-03 09:07:40,1,0,1,7851.465714193777,64.35627634585063,0.0,0.0,0.0,BENIGN,8064.5,0.0,0.0,64.0,46.66904755831214,1,0.0,File_4
2017-07-03 09:08:10,1,0,1,1216666.6666666667,16666.666666666668,3.0,0.0,0.0,BENIGN,0.0,0.0,0.0,47.0,19.79898987322333,1,0.0,File_4
2017-07-03 09:08:40,1,0,1,3638.459005597629,32.927230819888045,0.0,0.0,0.0,BENIGN,8064.5,0.0,0.0,56.0,11.313708498984761,1,0.0,File_4
2017-07-03 09:09:10,3,0,1,5685.09819199725,65.15181345874913,0.0,0.0,0.0,BENIGN,4838.7,0.0,0.0,81.0,54.24020648928247,3,30163.760119719824,File_4
2017-07-03 09:09:20,7,0,1,3905.7121522224443,46.65938350484838,13545493.714285715,0.0,0.0,BENIGN,4342.423076923078,0.0,0.0,85.76923076923077,52.69432898986672,6,30024.4183716447,File_4
2017-07-03 09:10:50,1,0,1,4141.875677985602,65.74405838072384,0.0,0.0,0.0,BENIGN,8064.5,0.0,0.0,50.0,22.627416997969522,1,0.0,File_4
2017-07-03 09:11:00,2,0,1,5429.247945246436,64.6205318181765,0.0,0.0,0.0,BENIGN,5376.333333333333,0.0,0.0,81.33333333333333,36.74688195389281,1,353.5,File_4
2017-07-03 09:11:40,1,0,1,422916.6666666666,4166.666666666667,0.0,0.0,0.0,BENIGN,8064.5,0.0,0.0,61.0,43.840620433565945,1,0.0,File_4
2017-07-03 09:12:10,1,0,1,2.992080110956016,0.0345905215139423,115601318.0,0.0,0.0,BENIGN,8064.5,0.0,0.0,50.5,27.577164466275352,1,0.0,File_4
2017-07-03 09:12:20,2,0,1,2864.990366716758,35.38663714683123,0.0,0.0,0.0,BENIGN,5376.333333333333,0.0,0.0,57.5,28.349015268024154,2,305.47012947258855,File_4
2017-07-03 09:12:30,1,0,1,4860.586554566652,65.68360208873854,0.0,0.0,0.0,BENIGN,8064.5,0.0,0.0,65.5,43.1335136523794,1,0.0,File_4
2017-07-03 09:12:50,1,0,1,2.707367287020644,0.0336318917642315,118904088.0,0.0,0.0,BENIGN,8064.5,0.0,0.0,94.0,66.46803743153546,1,0.0,File_4
2017-07-03 09:13:10,1,0,1,3662.2546103509817,37.180249851279,0.0,0.0,0.0,BENIGN,8064.5,0.0,0.0,54.0,11.313708498984761,1,0.0,File_4
2017-07-03 09:14:10,1,0,1,8.968054304289458,0.1007646551043759,39659400.0,0.0,0.0,BENIGN,8064.5,0.0,0.0,74.5,40.30508652763321,1,0.0,File_4
2017-07-03 09:14:40,1,0,1,3512.357110926624,63.86103838048407,0.0,0.0,0.0,BENIGN,8064.5,0.0,0.0,66.0,49.49747468305833,1,0.0,File_4
2017-07-03 09:14:50,7,0,1,2357.420821541552,35.7587066129417,17928580.714285713,0.0,0.0,BENIGN,4342.423076923077,0.0,0.0,86.57142857142857,79.67309582162724,7,25504.134841701038,File_4
2017-07-03 09:15:00,2,0,1,1781.7388577578135,32.39208294181375,28656037.5,0.0,0.0,BENIGN,5376.333333333333,0.0,0.0,60.75,36.754818278243015,2,426.1496867950927,File_4
2017-07-03 09:15:10,4,0,1,5012.360133050226,47.274573071279434,0.0,0.0,0.0,BENIGN,4608.285714285715,0.0,0.0,61.25,28.902545612058862,4,21654.9735758654,File_4
2017-07-03 09:15:20,4,0,1,4115.808565862848,46.17992826931039,0.0,0.0,0.0,BENIGN,4608.285714285715,0.0,0.0,77.625,29.88519700453721,4,27290.711228308777,File_4
2017-07-03 09:15:30,6,0,1,4510.73298452043,47.60458172501148,0.0,0.0,0.0,BENIGN,4398.818181818182,0.0,0.0,78.27272727272727,54.59870128325565,5,30075.49949643397,File_4
2017-07-03 09:16:10,2,0,1,1372.5824728889513,15.16586950758417,42067453.5,0.0,0.0,BENIGN,5376.333333333333,0.0,0.0,73.75,37.85388575386504,2,28871.88183837155,File_4
2017-07-03 09:17:30,1,0,1,2300.913838120104,32.637075718015666,0.0,0.0,0.0,BENIGN,8064.5,0.0,0.0,48.0,11.313708498984761,1,0.0,File_4
2017-07-03 09:18:00,2,0,1,136529.82030551945,1686.6670919185044,0.0,0.0,0.0,BENIGN,5376.333333333333,0.0,0.0,48.5,15.154757228892407,2,447.36289023068906,File_4
2017-07-03 09:18:10,1,0,1,4.154566920347837,0.0562695293952302,53224678.5,4607558698566204.0,0.0,BENIGN,8064.5,0.0,0.0,83.5,55.86143571373726,1,0.0,File_4
2017-07-03 09:18:30,1,0,1,392.5266750597167,4.786910671459959,811662.0,0.0,0.0,BENIGN,8064.5,0.0,0.0,64.0,50.91168824543142,1,0.0,File_4
2017-07-03 09:18:40,4,0,1,3060.7622107396205,40.335817659168605,0.0,0.0,0.0,BENIGN,4608.285714285715,0.0,0.0,67.375,27.6815436192214,4,27398.905759470148,File_4
2017-07-03 09:19:10,2,0,1,136072.704432791,1559.8927122469267,0.0,0.0,0.0,BENIGN,5376.333333333333,0.0,0.0,107.0,62.15571842826156,2,28664.006004433893,File_4
2017-07-03 09:19:40,3,0,1,510.61141735195696,7.895055216305831,41517951.0,0.0,0.0,BENIGN,4838.700000000001,0.0,0.0,65.2,30.078231330980884,2,610.5260027222428,File_4
2017-07-03 09:20:00,1,0,1,176.1917760627342,2.481574310742736,0.0,0.0,0.0,BENIGN,8064.5,0.0,0.0,65.5,43.1335136523794,1,0.0,File_4
2017-07-03 09:20:10,2,0,1,2377.118537072489,28.94286229476846,0.0,0.0,0.0,BENIGN,5376.333333333333,0.0,0.0,50.5,18.484227510682363,2,514.7737367038065,File_4
2017-07-03 09:20:20,1,0,1,1171.4067778141005,13.621009044350007,0.0,0.0,0.0,BENIGN,8064.5,0.0,0.0,70.5,38.890872965260115,1,0.0,File_4
2017-07-03 09:21:10,2,0,1,5607.344814024978,63.339916768129584,0.0,0.0,0.0,BENIGN,5376.333333333333,0.0,0.0,174.0,180.5020775503706,1,30432.5,File_4
2017-07-03 09:21:20,2,0,1,2599.3278496268445,32.70026515693202,32018009.0,0.0,0.0,BENIGN,5376.333333333333,0.0,0.0,60.75,29.65777020164081,2,29136.59464583251,File_4
2017-07-03 09:21:30,1,0,1,5015.224789539674,59.705057018329455,0.0,0.0,0.0,BENIGN,8064.5,0.0,0.0,78.0,69.29646455628166,1,0.0,File_4
2017-07-03 09:24:00,2,0,1,1444.202075360158,16.501179927162315,17199723.0,0.0,0.0,BENIGN,5376.333333333333,0.0,0.0,36.5,9.39858145324779,2,28007.796378865653,File_4
2017-07-03 09:24:20,1,0,1,19.42113007245997,0.2128343021639448,18746326.0,0.0,0.0,BENIGN,8064.5,0.0,0.0,44.0,11.313708498984761,1,0.0,File_4
2017-07-03 09:24:40,3,0,1,1447.745599154798,22.128016172077555,2129768.6666666665,0.0,0.0,BENIGN,4838.7,0.0,0.0,123.5,122.80513018599834,3,30321.280214397284,File_4
2017-07-03 09:25:10,1,0,1,13603.75958446698,164.89405556929674,3.0,0.0,0.0,BENIGN,0.0,0.0,0.0,39.0,11.313708498984761,1,0.0,File_4
2017-07-03 09:26:40,1,0,1,3501.1297249984736,40.7108107557962,0.0,0.0,0.0,BENIGN,8064.5,0.0,0.0,92.5,85.55992052357225,1,0.0,File_4
2017-07-03 09:28:10,1,0,1,2650.4521359526034,28.347081667942284,0.0,0.0,0.0,BENIGN,8064.5,0.0,0.0,47.0,11.313708498984761,1,0.0,File_4
2017-07-03 09:29:00,2,0,1,765.3234015229468,6.982872638623933,7799404.0,0.0,0.0,BENIGN,5376.333333333333,0.0,0.0,92.5,70.4296339145202,2,28965.37466623823,File_4
2017-07-03 09:29:10,1,0,1,2960.548200385869,33.26458652118954,0.0,0.0,0.0,BENIGN,8064.5,0.0,0.0,74.0,43.840620433565945,1,0.0,File_4
2017-07-03 09:29:20,1,0,1,1811.858553431587,24.320249039350163,0.0,0.0,0.0,BENIGN,0.0,0.0,0.0,101.0,0.0,0,0.0,File_4
2017-07-03 09:29:40,1,0,1,4497.269514937359,64.246707356248,0.0,0.0,0.0,BENIGN,8064.5,0.0,0.0,54.5,38.890872965260115,1,0.0,File_4
2017-07-03 09:30:10,2,0,1,1052.742471220221,13.73237672643491,0.0,0.0,0.0,BENIGN,5376.333333333333,0.0,0.0,46.5,10.082988974836116,2,115.02270307301174,File_4
2017-07-03 09:31:00,2,0,1,2429.76292069178,51.2784019963583,24.0,0.0,0.0,BENIGN,5376.333333333333,0.0,0.0,40.0,8.717797887081348,1,2626.0,File_4
2017-07-03 09:33:00,3,1,3,19797.538128661814,9431.590166359098,5645.681818181817,1018521186.491342,0.0,BENIGN,2768.714285714286,43696.846153846156,0.0,131.46666666666667,254.15626988884122,5,24421.47586977829,File_4
2017-07-03 09:33:10,2,0,1,385719.26062888204,8534.123222621762,5058.666666666666,153313095.16666672,0.0,BENIGN,0.0,0.0,0.0,67.4,55.859645541302896,3,23017.833166644945,File_4
2017-07-03 09:33:20,1,0,1,1369.9558688695363,21.405560451086508,10172.666666666668,310235852.3333334,0.0,BENIGN,0.0,0.0,0.0,44.5,31.81980515339464,1,0.0,File_4
2017-07-03 09:33:30,1,0,1,16810.25425509561,168.1025425509561,4.0,0.0,0.0,BENIGN,0.0,0.0,0.0,32.0,11.313708498984761,1,0.0,File_4
2017-07-03 09:34:50,1,0,1,2964.979220842346,48.60621673512043,10172.0,310195177.0,0.0,BENIGN,0.0,0.0,0.0,32.0,11.313708498984761,1,0.0,File_4
2017-07-03 09:35:00,1,0,1,5203.42524685541,122.91555701233251,10121.666666666668,307162245.3333333,0.0,BENIGN,0.0,0.0,0.0,39.0,22.627416997969522,1,0.0,File_4
2017-07-03 09:37:10,1,0,1,1860215.0537634408,21505.376344086024,3.0,0.0,0.0,BENIGN,0.0,0.0,0.0,188.0,226.27416997969522,1,0.0,File_4
2017-07-03 09:37:30,1,0,1,1124.491251625897,16.783451516804433,0.0,0.0,0.0,BENIGN,8064.5,0.0,0.0,58.0,24.041630560342615,1,0.0,File_4
2017-07-03 09:37:50,1,0,1,2814.2779048814564,40.49320726448138,0.0,0.0,0.0,BENIGN,0.0,0.0,0.0,95.0,0.0,0,0.0,File_4
2017-07-03 09:39:00,1,0,1,2621.1239511382933,32.970112592934505,0.0,0.0,0.0,BENIGN,8064.5,0.0,0.0,47.0,11.313708498984761,1,0.0,File_4
2017-07-03 09:39:10,3,0,1,3728.818544314611,55.56123330928955,16.0,0.0,0.0,BENIGN,4301.066666666667,0.0,0.0,95.5,69.12235528394558,3,23570.73722224233,File_4
2017-07-03 09:39:20,1,0,1,1816.8329573498463,30.280549289164107,0.0,0.0,0.0,BENIGN,8064.5,0.0,0.0,76.0,45.254833995939045,1,0.0,File_4
2017-07-03 09:41:20,1,0,1,7086.46733387207,82.88265887569673,4.0,0.0,0.0,BENIGN,0.0,0.0,0.0,51.0,28.284271247461902,1,0.0,File_4
2017-07-03 09:41:50,1,0,1,1042553.1914893618,21276.595744680853,3.0,0.0,0.0,BENIGN,0.0,0.0,0.0,49.0,24.041630560342615,1,0.0,File_4
2017-07-03 09:43:10,1,0,1,15.1849079937712,0.2489329179306754,16020818.0,0.0,0.0,BENIGN,8064.5,0.0,0.0,71.5,40.30508652763321,1,0.0,File_4
2017-07-03 09:43:30,1,0,1,834951.4563106797,19417.47572815534,48.0,0.0,0.0,BENIGN,0.0,0.0,0.0,64.5,45.96194077712559,1,0.0,File_4
2017-07-03 09:45:30,1,0,1,3167.420814479638,30.16591251885369,0.0,0.0,0.0,BENIGN,8064.5,0.0,0.0,64.0,32.526911934581186,1,0.0,File_4
2017-07-03 09:45:40,3,0,1,118748.33139605595,765.3758553061884,1.0,0.0,0.0,BENIGN,4301.066666666667,0.0,0.0,73.66666666666667,41.29245290203364,3,23741.998913318144,File_4
2017-07-03 09:45:50,1,0,1,8.03675120655807,0.0815913828076961,48993888.0,0.0,0.0,BENIGN,8064.5,0.0,0.0,50.0,22.627416997969522,1,0.0,File_4
2017-07-03 09:49:20,1,0,1,2175.489485134155,17.686906383204516,0.0,0.0,0.0,BENIGN,8064.5,0.0,0.0,107.0,45.254833995939045,1,0.0,File_4
2017-07-03 09:49:30,2,0,1,625332.3273367451,11790.46181909636,3.0,0.0,0.0,BENIGN,0.0,0.0,0.0,72.75,54.34074591562639,2,3196.1226509631947,File_4
2017-07-03 09:49:40,4,0,1,57493.36425631388,865.9571464999066,16256.916666666666,1591123482.6666665,0.0,BENIGN,3136.1944444444443,0.0,0.0,65.0,55.72028355993893,5,24020.29129942797,File_4
2017-07-03 09:49:50,1,0,1,8703.79189726241,65.68899545103706,3.0,0.0,0.0,BENIGN,0.0,0.0,0.0,77.5,75.66042558696059,1,0.0,File_4
2017-07-03 09:50:00,1,0,1,2700.483532524405,36.493020709789256,0.0,0.0,0.0,BENIGN,0.0,0.0,0.0,55.0,0.0,0,0.0,File_4
2017-07-03 09:53:00,1,0,1,3893.3614887158506,65.98917777484492,0.0,0.0,0.0,BENIGN,8064.5,0.0,0.0,51.0,11.313708498984761,1,0.0,File_4
2017-07-03 09:55:50,1,0,1,490.19423003684,7.541449692874461,206340.8,197381259096.70004,0.0,BENIGN,0.0,0.0,0.0,166.5,194.45436482630058,1,0.0,File_4
2017-07-03 09:58:00,1,0,1,9.56225582555634,0.1195281978194542,16717075.4,1395995302947671.0,0.0,BENIGN,0.0,0.0,0.0,32.0,11.313708498984761,1,0.0,File_4
2017-07-03 09:59:30,1,0,1,5509.280514199515,65.58667278808946,0.0,0.0,0.0,BENIGN,8064.5,0.0,0.0,65.5,40.30508652763321,1,0.0,File_4
2017-07-03 10:00:20,1,0,1,1026086.9565217393,17391.304347826088,3.0,0.0,0.0,BENIGN,0.0,0.0,0.0,45.0,32.90896534380867,2,0.0,File_4
2017-07-03 10:05:00,2,0,1,3664.901618567831,65.13864135958269,6224.0,232317038.0,0.0,BENIGN,4032.25,0.0,0.0,45.0,19.966638842495918,2,27605.17094475035,File_4
2017-07-03 10:08:10,5,0,1,1448179.004503164,18470.65315284361,21.4,0.0,0.0,BENIGN,0.0,0.0,0.0,63.785714285714285,59.571777741617744,9,4191.892861621538,File_4
2017-07-03 10:08:20,1,0,1,17799.561460079967,128.98232942086935,3.0,0.0,0.0,BENIGN,0.0,0.0,0.0,43.0,11.313708498984761,1,0.0,File_4
2017-07-03 10:16:50,1,0,1,263494.9679780421,3659.652333028362,3.0,0.0,0.0,BENIGN,0.0,0.0,0.0,47.0,19.79898987322333,1,0.0,File_4
2017-07-03 10:19:50,1,0,1,15526.872218891029,252.46946697383785,10500.0,330529536.99999994,0.0,BENIGN,0.0,0.0,0.0,32.0,11.313708498984761,1,0.0,File_4
2017-07-03 10:23:30,1,0,1,4713.301261214407,65.0110518788194,0.0,0.0,0.0,BENIGN,8064.5,0.0,0.0,58.0,19.79898987322333,1,0.0,File_4
2017-07-03 10:23:40,1,0,1,1536.9445682343735,21.05403518129279,5716.666666666666,97937960.33333334,0.0,BENIGN,0.0,0.0,0.0,122.0,0.0,0,0.0,File_4
2017-07-03 10:24:40,1,0,1,12504.007694773967,192.36934915036872,8363.333333333332,209635361.33333337,0.0,BENIGN,0.0,0.0,0.0,51.0,25.45584412271571,1,0.0,File_4
2017-07-03 10:43:20,1,0,1,5507.917631595418,125.17994617262316,10308.666666666668,318589380.3333333,0.0,BENIGN,0.0,0.0,0.0,40.0,22.627416997969522,1,0.0,File_4
2017-07-03 10:52:20,1,0,1,12886.172146043284,165.20733520568314,3.0,0.0,0.0,BENIGN,0.0,0.0,0.0,51.5,47.37615433949868,1,0.0,File_4
2017-07-03 10:52:30,1,0,1,37226.1053954292,157.07217466425823,3.0,0.0,0.0,BENIGN,0.0,0.0,0.0,64.0,67.88225099390856,1,0.0,File_4
2017-07-03 11:01:20,1,0,1,1222222.2222222222,22222.222222222223,3.0,0.0,0.0,BENIGN,0.0,0.0,0.0,64.0,55.42562584220407,3,29603.732501156,File_4
2017-07-03 11:09:00,1,0,1,1224880.3827751195,19138.75598086124,4.0,0.0,0.0,BENIGN,0.0,0.0,0.0,40.0,22.627416997969522,1,0.0,File_4
2017-07-03 11:09:50,1,1,1,315789.4736842105,52631.57894736842,38.0,0.0,0.0,BENIGN,1575.2727272727275,569.6363636363636,0.0,0.36363636363636365,0.504524979109513,7,1068.5,File_4
2017-07-03 11:10:00,1,0,1,972972.972972973,21621.621621621623,49.0,0.0,0.0,BENIGN,0.0,0.0,0.0,32.0,11.313708498984761,1,0.0,File_4
2017-07-03 11:11:10,1,0,1,1383838.383838384,20202.020202020205,3.0,0.0,0.0,BENIGN,0.0,0.0,0.0,32.0,11.313708498984761,1,0.0,File_4
2017-07-03 11:14:00,1,0,1,819672.131147541,16393.44262295082,3.0,0.0,0.0,BENIGN,2048.0,0.0,0.0,97.5,99.7020561473032,1,0.0,File_4
2017-07-03 11:20:40,2,0,1,482724.5160849046,10034.198946672443,3548.0,75423421.5,0.0,BENIGN,0.0,0.0,0.0,73.5,47.982635748084256,2,1309.561758757486,File_4
2017-07-03 11:23:00,1,0,1,1154.4463304749372,29.35033043580349,10241.333333333332,313120929.33333343,0.0,BENIGN,0.0,0.0,0.0,32.0,11.313708498984761,1,0.0,File_4
2017-07-03 11:28:20,1,0,1,7477.354298410528,128.18321654418048,10102.666666666668,305979502.3333333,0.0,BENIGN,0.0,0.0,0.0,33.0,11.313708498984761,1,0.0,File_4
2017-07-03 11:30:10,1,0,1,242914.97975708504,3238.8663967611337,3.0,0.0,0.0,BENIGN,0.0,0.0,0.0,33.333333333333336,16.165807537309522,2,27557.5,File_4
2017-07-03 11:31:00,1,0,1,6537.481560949444,100.5766393992222,10365.333333333332,322102770.33333343,0.0,BENIGN,0.0,0.0,0.0,32.0,11.313708498984761,1,0.0,File_4
2017-07-03 11:35:00,1,0,1,6621.392190152801,127.33446519524615,13453.333333333332,540920630.3333334,0.0,BENIGN,0.0,0.0,0.0,32.0,11.313708498984761,1,0.0,File_4
2017-07-03 11:36:30,1,0,1,8198.927514027206,124.22617445495766,10152.0,309006603.00000006,0.0,BENIGN,0.0,0.0,0.0,68.0,49.49747468305833,1,0.0,File_4
2017-07-03 11:59:10,2,0,1,545619.4648437187,10083.024530768505,5162.0,158301793.5,0.0,BENIGN,0.0,0.0,0.0,125.0,134.38749941865873,2,26466.45839968435,File_4
2017-07-03 12:01:20,1,0,1,9759.132812627924,98.24630348283146,11313.0,383714370.99999994,0.0,BENIGN,0.0,0.0,0.0,41.0,11.313708498984761,1,0.0,File_4
2017-07-03 12:18:50,1,0,1,6191.119870399224,82.54826493865632,32228.666666666664,3115674134.3333335,0.0,BENIGN,0.0,0.0,0.0,57.5,32.90896534380867,3,30030.35359247188,File_4
2017-07-03 12:19:20,1,0,1,8072.695659373641,124.19531783651756,7202.333333333334,154521316.33333337,0.0,BENIGN,0.0,0.0,0.0,130.0,159.80613254815975,1,0.0,File_4
2017-07-03 12:19:50,1,0,1,6946.755407653911,124.7920133111481,10776.0,348269551.0,0.0,BENIGN,0.0,0.0,0.0,32.0,11.313708498984761,1,0.0,File_4
2017-07-03 12:31:50,1,0,1,3716.9492887567294,60.27485333119023,10279.0,316757701.0,0.0,BENIGN,0.0,0.0,0.0,32.0,11.313708498984761,1,0.0,File_4
2017-07-03 12:32:20,1,0,1,5267.47450010974,69.30887500144394,10660.0,340682977.0,0.0,BENIGN,0.0,0.0,0.0,41.0,11.313708498984761,1,0.0,File_4
2017-07-03 12:37:00,1,0,1,11274.934952298352,118.26854845068202,10950.333333333332,359598008.3333331,0.0,BENIGN,0.0,0.0,0.0,32.0,11.313708498984761,1,0.0,File_4
2017-07-04 08:57:00,2,0,1,11.82588453,0.2463725945,9235744.491,400160000000000.0,0.0,BENIGN,41.0,0.0,0.0,36.0,0.0,2,0.0,File_4
2017-07-04 08:58:00,2,0,1,7.7126541825,0.1606802955,21676983.5,1266080000000000.0,0.0,BENIGN,65.33333333333333,0.0,0.0,36.0,0.0,2,0.0,File_4
2017-07-04 09:05:00,1,0,1,16859.44838,115.5073197,17314.92,3748071027.6067214,0.0,BENIGN,0.0,282.0,0.0,2.0,2.8284271247461903,0,0.0,File_4
2017-07-04 09:08:00,1,0,1,10950.23032,9.616010982,257987.7088,1717432937450.9263,0.0,BENIGN,118.87719298245614,64063.73684210526,0.0,279.7894736842105,276.45003143975396,5,23784.053474004828,File_4
2017-07-04 09:09:00,1,0,1,56.77225842,0.318698315,6496376.857,265690000000000.0,0.0,BENIGN,2520.5,136.0,0.0,18.0,25.45584412271571,0,0.0,File_4
2017-07-04 09:11:00,3,0,3,187.12295136666668,0.6024466906666667,3140951.326,31370069344630.49,0.0,BENIGN,936.2285714285712,935.3333333333334,0.0,203.63888888888889,200.65580377178625,12,20333.47879327919,File_4
2017-07-04 09:12:00,9,0,2,130.68014344877778,0.6903855425555556,9996016.799688889,394574776827395.1,0.0,BENIGN,1070.8138528138527,1152.0,0.0,26.318181818181817,16.184608689787915,10,19305.058015912113,File_4
2017-07-04 09:14:00,1,0,1,165.5552818,0.457211208,4848811.13,26579429209677.977,0.0,BENIGN,21.807692307692307,566.4615384615385,0.0,119.23076923076923,248.76969062640845,6,21787.442821210112,File_4
2017-07-04 09:15:00,10,0,3,2391.6944350532003,7.4967482671,8857626.9625,355836669632301.7,0.0,BENIGN,1198.6955102040815,264.1111111111111,0.0,243.04,427.0090072175269,22,24523.182708288634,File_4
2017-07-04 09:16:00,1,0,1,1116666.667,16666.66667,4.0,0.0,0.0,BENIGN,0.0,0.0,0.0,39.0,22.627416997969522,1,0.0,File_4
2017-07-04 09:17:00,12,0,2,4693.296341329166,5.542175870166667,3765973.2550925,73704190777323.36,0.0,BENIGN,641.9309462915601,7693.753623188406,0.0,18.304347826086957,41.52154095371889,34,13989.925834185853,File_4
2017-07-04 09:18:00,120,0,2,29808.724360097513,24.292502638341666,4625935.963000616,66518005328069.83,0.0,BENIGN,28.644372497171645,1523.97149962762,0.0,0.3684434514310033,15.027762050667658,74798,1550.6553278568592,File_4
2017-07-04 09:19:00,94,0,2,2087.8647686118616,2.306457172606383,5115877.87696883,91736760865970.86,0.0,BENIGN,454.20528066364824,2056.1302114803625,0.0,17.778247734138972,97.91548960617116,2814,13640.433826185183,File_4
2017-07-04 09:20:00,847,234,186,331114.1603269918,61264.14292990236,1544055.700670184,10376436069367.322,0.03659976387249114,FTP-Patator,2125.329446303451,17155.04132231405,0.0,357.2033683239128,760.3985590948149,3610,24128.687812593067,File_4
2017-07-04 09:21:00,228,171,121,1142100.5286651833,220443.02518755634,338564.5400408553,11670494531661.836,0.12719298245614036,FTP-Patator,1285.6849353704606,2606.9292557111276,0.0,844.3306787330316,1192.7120085526747,2613,18809.51973840991,File_4
2017-07-04 09:22:00,106,113,106,1185555.8178754058,293621.08972572896,617.566037735849,1166505.6217508104,0.0,BENIGN,6581.240482988343,2835.912393162393,0.0,174.13888888888889,462.37297340546166,279,10224.949686519363,File_4
2017-07-04 09:23:00,16,18,16,993253.96825625,507234.7966355456,1302.28125,14396978.278616624,0.0,BENIGN,950.4939504438204,902.5754716981132,0.0,999.5306603773585,701.9297103034286,62,3266.512766753025,File_4
2017-07-04 09:24:00,3,4,3,95604.31745333334,233570.44488746664,6834.0,0.6666666663149093,0.0,BENIGN,0.0,1077.4864864864865,0.0,118.72972972972973,180.0474703837618,14,22060.659816867574,File_4
2017-07-04 09:26:00,3,3,3,0.0,578431.3725333334,2.3333333333333335,0.0,0.0,BENIGN,1200.2077922077926,871.9545454545455,0.0,51.09090909090909,30.772450713970162,4,5639.173931559966,File_4
2017-07-04 09:27:00,4,4,4,0.0,170095.726965,1.0,0.0,0.0,BENIGN,0.9366515837104074,559.1538461538462,0.0,361.34615384615387,578.0532876113157,23,5630.969910847546,File_4
2017-07-04 09:28:00,1,1,1,0.0,2000000.0,1.0,0.0,0.0,BENIGN,0.0,1023.9749126863102,0.0,2208.6837325987503,835.3057072071613,41,0.0,File_4
2017-07-04 09:34:00,1,2,1,330472.103,17167.38197,116.5,25764.49999057907,0.0,BENIGN,0.0,914.3921139101863,0.0,1821.4370208105147,851.2927450981201,2,0.0,File_4
2017-07-04 09:35:00,2,3,2,15500000.0,1019607.843135,0.5,0.0,0.0,BENIGN,6.666666666666667,1899.6,0.0,61.8,130.28583959893723,6,1201.513859909887,File_4
2017-07-07 12:14:00,1,0,1,1290322.581,25806.45161,155.0,0.0,0.0,BENIGN,0.0,0.0,0.0,119.0,0.0,0,0.0,File_4
