Timestamp,total_connections,sum_syn_ack_rst_flags,unique_dest_ports,avg_bytes_per_sec,avg_packets_per_sec,avg_iat_mean,avg_iat_variance,attack_fraction,dominant_attack_type,norm_total_connections,norm_sum_syn_ack_rst_flags,norm_unique_dest_ports,norm_avg_bytes_per_sec,norm_avg_packets_per_sec,norm_avg_iat_mean,norm_avg_iat_variance
2017-07-04 09:00:00,22,122,9,14805.06776576364,55.85690672380934,8493.363414498252,7261324.109588828,0.0,BENIGN,-0.7745072365978529,-0.4304656784091062,-0.08688480803966912,-0.4097421404777707,-0.4323219037614918,1.1840867211036326,0.5600346445698365
2017-07-04 09:00:10,19,130,8,13261.403784576769,53.827913315286786,7264.061545069598,7753272.805730973,0.0,BENIGN,-2.1439571828728274,-0.41922333989542787,-0.24357450458984187,-0.42819275044049854,-0.43621851214293184,0.7820190646807477,0.6887262085387963
2017-07-04 09:00:20,26,137,8,20181.01577730964,68.6056743689687,6449.17053176449,6579618.51305999,0.0,BENIGN,1.0514260251021128,-0.40938629369595936,-0.24357450458984187,-0.34548623948520235,-0.4078383570676007,0.5154927312326961,0.38170352981810657
2017-07-04 09:00:30,24,130,8,14357.328899481085,56.26817691400024,7791.776484607873,8253448.46948529,0.0,BENIGN,0.1384593942521299,-0.41922333989542787,-0.24357450458984187,-0.41509372948134493,-0.4315320742512515,0.9546187444470469,0.8195699101941347
2017-07-04 09:00:40,23,154,8,18317.907329082886,66.26006615401654,6462.470655209499,9234620.771333024,0.0,BENIGN,-0.31802392117286155,-0.3854963243543929,-0.24357450458984187,-0.3677550024513919,-0.412343012721762,0.519842801460894,1.0762401667432537
2017-07-04 09:00:50,25,154,9,17229.13138238151,62.185234720470646,6879.796036517401,8708162.196447834,0.0,BENIGN,0.5949427096771214,-0.3854963243543929,-0.08688480803966912,-0.38076857313400986,-0.42016857896077314,0.6563373779364353,0.9385209738718316
2017-07-04 09:01:00,24,169,9,19999.015758480633,54.09299515621186,7870.487678948605,6429066.31007662,0.0,BENIGN,0.1384593942521299,-0.36441693964124605,-0.08688480803966912,-0.3476615907284446,-0.435709432064713,0.9803628079922633,0.34231975136145254
2017-07-04 09:01:10,24,165,8,12260.14096595625,64.44174029145294,6537.080089177558,8771046.38459775,0.0,BENIGN,0.1384593942521299,-0.3700381088980852,-0.24357450458984187,-0.4401603223743495,-0.41583504170839813,0.5442453025947432,0.9549711943631015
2017-07-04 09:01:20,24,133,9,18587.665994822688,76.4591696425479,6218.6042594920145,9086208.790470647,0.0,BENIGN,0.1384593942521299,-0.4150074629527985,-0.08688480803966912,-0.3645307179009393,-0.3927560037301832,0.4400814404438511,1.0374162607573498
2017-07-04 09:01:30,22,123,9,18852.09356912352,56.533749548986016,8749.769282798738,10714417.110415308,0.0,BENIGN,-0.7745072365978529,-0.4290603860948964,-0.08688480803966912,-0.36137015310427695,-0.43102205162080826,1.2679493663370331,1.4633482264361584
2017-07-04 09:01:40,25,159,9,16441.281580673487,59.238690124291246,8863.531675526583,8809893.543653822,0.0,BENIGN,0.5949427096771214,-0.37846986278334394,-0.08688480803966912,-0.3901853306522819,-0.425827311178203,1.3051576223160168,0.9651334362673513
2017-07-04 09:01:50,24,137,9,16162.372627767749,47.397142503552544,7175.271747420032,7397071.420138302,0.0,BENIGN,0.1384593942521299,-0.40938629369595936,-0.08688480803966912,-0.3935189838098946,-0.44856857466106,0.7529785932204583,0.5955455298230911
2017-07-04 09:02:00,24,159,9,19316.550314158954,62.90697236039287,7698.899227159403,10881250.8208451,0.0,BENIGN,0.1384593942521299,-0.37846986278334394,-0.08688480803966912,-0.355818744020664,-0.41878250795378574,0.92424138786282,1.5069911739352015
2017-07-04 09:02:10,25,122,9,16890.030198044144,67.03887384501668,7504.243048431906,10269731.89894321,0.0,BENIGN,0.5949427096771214,-0.4304656784091062,-0.08688480803966912,-0.3848216726209185,-0.41084734074789847,0.8605752082729567,1.3470205772585369
2017-07-04 09:02:20,21,125,9,16940.447867383704,64.67100737642102,6248.235668783013,8659578.433300015,0.0,BENIGN,-1.2309905520228444,-0.42624980146647684,-0.08688480803966912,-0.3842190565311793,-0.4153947425723229,0.44977298292533807,0.9258116801751087
2017-07-04 09:02:30,25,152,8,15435.800645230436,58.05324475198622,8271.52086885727,9134275.649797777,0.0,BENIGN,0.5949427096771214,-0.3883069089828125,-0.24357450458984187,-0.4022033195351699,-0.4281039160967111,1.1115286988318431,1.0499903347418797
2017-07-04 09:02:40,24,168,9,20300.6690330921,68.84343933479992,7947.565676984906,8291616.193318139,0.0,BENIGN,0.1384593942521299,-0.3658222319554558,-0.08688480803966912,-0.3440560865632463,-0.4073817380589932,1.0055727021630307,0.8295544149030675
2017-07-04 09:02:50,23,126,9,19891.405301142695,51.3880356370548,6491.347559708021,6711354.000785764,0.0,BENIGN,-0.31802392117286155,-0.424844509152267,-0.08688480803966912,-0.3489478023654658,-0.44090420888829984,0.529287568124972,0.41616494028344725
2017-07-04 09:03:00,23,111,8,17608.13195451873,59.53306870028478,7478.380370794078,10400635.40294206,0.0,BENIGN,-0.31802392117286155,-0.4459238938654139,-0.24357450458984187,-0.37623857708734565,-0.4252619677809723,0.8521163045282688,1.3812643445268238
2017-07-04 09:03:10,24,158,9,16406.02164870422,66.61771753889202,8085.8803685474595,9171122.33539657,0.0,BENIGN,0.1384593942521299,-0.3798751550975537,-0.08688480803966912,-0.39060677421772483,-0.4116561561858632,1.0508112764045692,1.0596292617966048
2017-07-04 09:03:20,25,155,9,17551.131536933928,65.54100347419654,9069.641103615722,10342598.263267787,0.0,BENIGN,0.5949427096771214,-0.38409103204018313,-0.08688480803966912,-0.3769198733314681,-0.41372394656471995,1.3725698151868997,1.36608209009351
2017-07-04 09:03:30,25,134,9,19377.27707744548,62.129866742858866,8363.373188776039,7892456.106203956,0.0,BENIGN,0.5949427096771214,-0.41360217063858873,-0.08688480803966912,-0.35509290871106697,-0.4202749111571811,1.1415708291866185,0.7251359332858953
2017-07-04 09:03:40,23,128,8,19424.760862885472,54.248788130738355,7671.699554434338,7309569.983433078,0.0,BENIGN,-0.31802392117286155,-0.42203392452384747,-0.24357450458984187,-0.35452535980444966,-0.43541023729761347,0.9153451932502474,0.572655547946053
2017-07-04 09:03:50,24,155,9,20684.794091379907,77.48985293647621,6169.211801353894,10546589.682920337,0.0,BENIGN,0.1384593942521299,-0.38409103204018313,-0.08688480803966912,-0.3394648402079811,-0.3907766137800425,0.4239266534200669,1.4194453270269598
2017-07-04 09:04:00,23,134,7,18940.88292919927,67.36781996027815,8465.665524114685,10270540.012243073,0.0,BENIGN,-0.31802392117286155,-0.41360217063858873,-0.4002642011400146,-0.36030890022051254,-0.4102156116430201,1.175027574484459,1.3472319760593447
2017-07-04 09:04:10,23,145,8,19176.066692227905,62.42973167215418,9159.025643345336,9364972.660321109,0.0,BENIGN,-0.31802392117286155,-0.398143955182281,-0.24357450458984187,-0.35749787143828254,-0.41969903141706755,1.4018048088880217,1.1103396340083074
2017-07-04 09:04:20,25,145,9,21358.228499316498,62.508375752846426,6799.802985269102,8121808.39228811,0.0,BENIGN,0.5949427096771214,-0.398143955182281,-0.08688480803966912,-0.3314156301805727,-0.41954799830740397,0.6301740575630043,0.7851334586934995
2017-07-04 09:04:30,23,117,9,17931.64431740224,68.32722483909808,6823.8373882621145,9167674.379665285,0.0,BENIGN,-0.31802392117286155,-0.4374921399801552,-0.08688480803966912,-0.3723718026478107,-0.4083731093084628,0.6380349876772773,1.0587272921013207
2017-07-04 09:04:40,26,152,9,18524.87510384021,58.032795150359824,8344.551697374012,9211927.419722471,0.0,BENIGN,1.0514260251021128,-0.3883069089828125,-0.08688480803966912,-0.3652812246516631,-0.4281431888162576,1.1354148856168642,1.0703036881361112
2017-07-04 09:04:50,23,152,9,18164.789922313423,57.48872267482792,8704.81852907351,9435731.491497869,0.0,BENIGN,-0.31802392117286155,-0.3883069089828125,-0.08688480803966912,-0.3695851349058886,-0.42918806030739376,1.2532473271925348,1.1288498256607347
2017-07-04 09:05:00,23,140,8,13842.5842277699,56.32969292264289,8143.785815511027,9111430.578101294,0.0,BENIGN,-0.31802392117286155,-0.40517041675333,-0.24357450458984187,-0.42124620390834644,-0.43141393498383795,1.0697504059493588,1.04401416684336
2017-07-04 09:05:10,22,125,9,19783.388205301053,52.38141680933174,7582.361382906008,10823036.148949578,0.0,BENIGN,-0.7745072365978529,-0.42624980146647684,-0.08688480803966912,-0.35023887434030604,-0.4389964563122687,0.8861253651927207,1.4917624778721272
2017-07-04 09:05:20,23,115,9,18434.740543285643,63.935131631388366,6720.069511920947,7296386.31993606,0.0,BENIGN,-0.31802392117286155,-0.4403027246085747,-0.08688480803966912,-0.36635855601472017,-0.4168079652983053,0.6040956373109884,0.5692067609331457
2017-07-04 09:05:30,26,168,7,18096.06345074176,57.83279761840145,8014.899640203501,9395606.812661929,0.0,BENIGN,1.0514260251021128,-0.3658222319554558,-0.4002642011400146,-0.3704065865537455,-0.42852727683548075,1.0275956157062665,1.1183533903339555
2017-07-04 09:05:40,26,159,8,17277.29445000002,67.16420799080831,7669.833031233697,7175800.23500501,0.0,BENIGN,1.0514260251021128,-0.37846986278334394,-0.24357450458984187,-0.3801929051220152,-0.41060664105862354,0.9147347096679768,0.5376619840400146
2017-07-04 09:05:50,21,37,21,1481.7553447201524,27.780917170988978,688.5298139499939,27255.012535345082,0.9523809523809523,PortScan,-1.2309905520228444,-0.5499155251169384,1.7933915505624038,-0.5689887407017619,-0.48624082520757206,-1.3686395315632691,-1.3323652606640568
2017-07-04 09:06:00,26,56,25,2832.8189011719687,32.16110054003985,1525.2947675757073,833900.8779319413,0.8461538461538461,PortScan,1.0514260251021128,-0.5232149711469524,2.4201503367630948,-0.5528401831019518,-0.4778288416316786,-1.094958890340897,-1.12135033410556
2017-07-04 09:06:10,24,50,23,2723.2568471072777,32.08560885255349,544.3892890792578,1336953.1300175458,0.9166666666666666,PortScan,0.1384593942521299,-0.5316467250322111,2.1067709436627493,-0.5541497211561522,-0.47797382068432254,-1.415783560602513,-0.9897541298942614
2017-07-04 09:06:20,21,49,21,2207.189016321406,38.24512924333173,903.4514398893883,325248.48996922834,0.9047619047619048,PortScan,-1.2309905520228444,-0.5330520173464209,1.7933915505624038,-0.5603180106130458,-0.46614468477902943,-1.2983451339014394,-1.2544115086483494
2017-07-04 09:06:30,26,54,26,996.6691901685091,32.318956937516525,654.1597914211453,1450.2110195780378,0.9615384615384616,PortScan,1.0514260251021128,-0.526025555775372,2.5768400333132675,-0.5747867223512854,-0.4775256841355094,-1.3798809318678165,-1.3391156805574618
2017-07-04 09:06:40,24,67,23,5030.407905406616,37.20405478083671,1040.5860062200024,1504232.2638007915,0.8333333333333334,PortScan,0.1384593942521299,-0.5077567556906447,2.1067709436627493,-0.5265735486078711,-0.4681440305921907,-1.253492543117741,-0.9459946616514215
2017-07-04 09:06:50,23,69,23,2035.1061318183042,36.543797011302736,856.6649233649272,323688.16721659625,0.8695652173913043,PortScan,-0.31802392117286155,-0.5049461710622251,2.1067709436627493,-0.5623748275252255,-0.4694120317339738,-1.3136475958263722,-1.2548196820552662
2017-07-04 09:07:00,24,64,22,4453.430118689684,34.65140323836855,937.1367402534802,2927893.8700187914,0.7916666666666666,PortScan,0.1384593942521299,-0.5119726326332741,1.9500812471125766,-0.5334698629804375,-0.4730463054608508,-1.2873276856162708,-0.5735711953357033
2017-07-04 09:07:10,22,57,22,1178.4467872581633,34.946417638026,985.2800533384024,1270925.9890539157,0.9090909090909091,PortScan,-0.7745072365978529,-0.5218096788327427,1.9500812471125766,-0.5726140295990165,-0.47247974098729356,-1.2715814563573138,-1.0070265326908192
2017-07-04 09:07:20,24,64,24,3853.1688366377807,25.6125984034162,1772.796064958934,38299.354337471224,0.875,PortScan,0.1384593942521299,-0.5119726326332741,2.263460640212922,-0.540644472821597,-0.49040500289679884,-1.0140086623495022,-1.3294761105744857
2017-07-04 09:07:30,27,64,27,3394.415123067894,37.014132213088615,1288.1409551839809,895746.7667781768,0.8518518518518519,PortScan,1.5079093405271042,-0.5119726326332741,2.7335297298634402,-0.5461277165463894,-0.4685087700074117,-1.1725247673084567,-1.105171728037311
2017-07-04 09:07:40,23,50,23,714.4944613923103,30.082190205019447,115.29374033331632,1183.0679817364785,1.0,PortScan,-0.31802392117286155,-0.5316467250322111,2.1067709436627493,-0.5781594096235408,-0.48182131366321734,-1.5561278047269913,-1.3391855639733805
2017-07-04 09:07:50,23,67,21,5825.977780117754,39.18018607240383,1931.2919329179335,2457462.634811554,0.6956521739130435,PortScan,-0.31802392117286155,-0.5077567556906447,1.7933915505624038,-0.5170645170859297,-0.46434894199249266,-0.9621694324843397,-0.6966338884039581
2017-07-04 09:08:00,24,56,22,4108.976850166958,30.545869535406506,2160.171912608374,1821229.2828811759,0.8333333333333334,PortScan,0.1384593942521299,-0.5232149711469524,1.9500812471125766,-0.5375869331364783,-0.4809308342967012,-0.8873096772648803,-0.8630696687022269
2017-07-04 09:08:10,24,76,22,5415.229683297708,38.75501525974844,2313.782488543773,3101423.7990823947,0.6666666666666666,PortScan,0.1384593942521299,-0.4951091248627566,1.9500812471125766,-0.5219739747267905,-0.4651654671449046,-0.8370682794405845,-0.528176547191001
2017-07-04 09:08:20,23,62,22,4139.309466242741,40.0776511816569,1646.2207110711088,1577801.8873441839,0.8260869565217391,PortScan,-0.31802392117286155,-0.5147832172616936,1.9500812471125766,-0.537224383206452,-0.4626253927428616,-1.055407652430131,-0.9267491793711491
2017-07-04 09:08:30,23,52,21,5144.607447993749,40.68251446940742,1648.0131079110345,1120419.8381058483,0.782608695652174,PortScan,-0.31802392117286155,-0.5288361404037916,1.7933915505624038,-0.5252085810735655,-0.46146377469778854,-1.0548214133502671,-1.0463982641423824
2017-07-04 09:08:40,23,56,23,2210.887704004899,27.633450215431925,805.7341161080774,652075.9194377393,0.9130434782608695,PortScan,-0.31802392117286155,-0.5232149711469524,2.1067709436627493,-0.560273802129429,-0.48652403015668394,-1.3303055305637566,-1.168914924601901
2017-07-04 09:08:50,23,89,22,6157.712936770257,36.33181171436097,2325.3365175937106,2610623.5979885417,0.6521739130434783,PortScan,-0.31802392117286155,-0.4768403247780293,1.9500812471125766,-0.5130994598837699,-0.46981914182183093,-0.8332893041556048,-0.656567670026293
2017-07-04 09:09:00,26,58,26,1774.6391724186092,30.88131434325609,558.5729919819076,1149743.2183613325,0.9230769230769231,PortScan,1.0514260251021128,-0.5204043865185328,2.5768400333132675,-0.5654880531589327,-0.48028662468799227,-1.4111444981173014,-1.038727399892659
2017-07-04 09:09:10,24,49,24,1876.6495678111814,29.750853110793646,295.10780089227086,151307.38466805647,0.9166666666666666,PortScan,0.1384593942521299,-0.5330520173464209,2.263460640212922,-0.5642687761397948,-0.4824576345566314,-1.4973160354465758,-1.2999137186455263
2017-07-04 09:09:20,23,61,23,2691.1491912642773,33.47084917479858,943.2932275568569,235091.10705450873,0.9130434782608695,PortScan,-0.31802392117286155,-0.5161885095759035,2.1067709436627493,-0.5545334872101618,-0.4753135167980229,-1.2853140838448716,-1.2779962740957025
2017-07-04 09:09:30,26,65,26,2964.892536941283,32.45285051479252,690.0818577573126,1360154.6922673087,0.8846153846153846,PortScan,1.0514260251021128,-0.5105673403190643,2.5768400333132675,-0.551261575859937,-0.4772685463679626,-1.3681319047290526,-0.9836847056720608
2017-07-04 09:09:40,23,54,22,4554.1137538756975,35.62065410766352,1289.2099198729768,292604.3385989489,0.8260869565217391,PortScan,-0.31802392117286155,-0.526025555775372,1.9500812471125766,-0.5322664440336417,-0.4711848942580599,-1.172175141119811,-1.2629510716703172
2017-07-04 09:09:50,23,77,22,3823.4304459297578,33.416066372266314,1177.2467718509633,1650860.0158648477,0.782608695652174,PortScan,-0.31802392117286155,-0.4937038325485468,1.9500812471125766,-0.5409999202859156,-0.47541872518687694,-1.2087949182880195,-0.9076375018858757
2017-07-04 09:10:00,23,50,23,2000.3120030679727,29.98399419952894,182.09906109408962,748203.7336490084,0.9565217391304348,PortScan,-0.31802392117286155,-0.5316467250322111,2.1067709436627493,-0.562790703587885,-0.4820098955365793,-1.5342777942268468,-1.1437683212085439
2017-07-04 09:10:10,25,69,24,3729.5912722266203,34.60811312167067,1273.4733948168237,1450849.5179105732,0.84,PortScan,0.5949427096771214,-0.5049461710622251,2.263460640212922,-0.5421215309565811,-0.4731294425626521,-1.1773220850128583,-0.9599593476266939
2017-07-04 09:10:20,25,70,24,2607.9430902013974,42.26401025219092,886.0968031291455,1252125.2100728631,0.8,PortScan,0.5949427096771214,-0.5035408787480153,2.263460640212922,-0.5555280063127259,-0.4584265693049462,-1.3040213134500025,-1.0119447318239405
2017-07-04 09:10:30,22,67,22,5223.2849083031115,40.6926833579468,1448.608202600626,2081656.9943713888,0.7727272727272727,PortScan,-0.7745072365978529,-0.5077567556906447,1.9500812471125766,-0.5242681904505297,-0.46144424571551285,-1.1200407585340875,-0.7949429519218888
2017-07-04 09:10:40,24,58,24,4515.974074262159,31.498839322585795,1852.8652843182492,558932.4737141656,0.8333333333333334,PortScan,0.1384593942521299,-0.5204043865185328,2.263460640212922,-0.5327223077197993,-0.47910069032265745,-0.9878204296785699,-1.1932808306356497
2017-07-04 09:10:50,24,85,22,4767.831016102745,38.27429746948274,1484.1187619074678,3315133.2152704448,0.75,PortScan,0.1384593942521299,-0.48246149403486843,1.9500812471125766,-0.5297119931325968,-0.46608866825674095,-1.1084263229639182,-0.47227112611801425
2017-07-04 09:11:00,24,66,23,5088.324342355101,32.672451757046886,1828.8860641034169,2315252.301472384,0.7916666666666666,PortScan,0.1384593942521299,-0.5091620480048545,2.1067709436627493,-0.525881303662345,-0.47684681013286756,-0.9956633111663421,-0.7338354713199882
2017-07-04 09:11:10,25,62,25,3152.2942580427516,30.905034399284286,1175.0839455874893,130440.93573830025,0.88,PortScan,0.5949427096771214,-0.5147832172616936,2.4201503367630948,-0.5490216608884619,-0.4802410711791738,-1.2095023136874985,-1.3053722877367897
2017-07-04 09:11:20,22,52,22,2377.8029029018253,34.95904991044031,462.6783211173674,617563.7638796532,0.9090909090909091,PortScan,-0.7745072365978529,-0.5288361404037916,1.9500812471125766,-0.558278751866398,-0.4724554811654728,-1.4425087598473105,-1.1779431491089274
2017-07-04 09:11:30,23,53,22,2555.2427371904982,28.424749210039685,1142.8867802526051,1191104.0961600256,0.8695652173913043,PortScan,-0.31802392117286155,-0.5274308480895817,1.9500812471125766,-0.556157906129106,-0.48500436908648914,-1.2200330377769963,-1.0279075804830657
2017-07-04 09:11:40,24,115,9,18321.223280675767,65.04256288259886,8128.897993945214,10357332.884341424,0.0,BENIGN,0.1384593942521299,-0.4403027246085747,-0.08688480803966912,-0.36771536861252463,-0.414681183674861,1.0648810474337074,1.3699366006254547
2017-07-04 09:11:50,25,144,9,22672.93341595741,58.62240677353656,8173.29376305439,10051875.640099205,0.0,BENIGN,0.5949427096771214,-0.3995492474964908,-0.08688480803966912,-0.3157016484276451,-0.4270108610408126,1.0794015678076936,1.2900303608174293
2017-07-04 09:12:00,22,133,7,17637.489186586507,72.5426937753367,8846.483509937665,7620164.725323852,0.0,BENIGN,-0.7745072365978529,-0.4150074629527985,-0.4002642011400146,-0.37588768541333545,-0.4002774538373057,1.29958168026703,0.6539057340079544
2017-07-04 09:12:10,24,148,7,21070.636475204137,52.65139361866559,8115.201327956529,7843917.276208797,0.0,BENIGN,0.1384593942521299,-0.39392807823965165,-0.4002642011400146,-0.33485306755681354,-0.43847797562444296,1.0604012800699458,0.7124383938996021
2017-07-04 09:12:20,26,166,9,13542.676429067256,73.64576588540821,6837.9999365353,11582810.98349883,0.0,BENIGN,1.0514260251021128,-0.3686328165838754,-0.08688480803966912,-0.4248308453109321,-0.3981590437865963,0.6426671311196541,1.6905161537923272
2017-07-04 09:12:30,23,131,7,17276.18634984073,69.44345204102294,7434.841352367503,8876322.598180708,0.0,BENIGN,-0.31802392117286155,-0.4178180475812181,-0.4002642011400146,-0.38020614966492605,-0.4062294353801286,0.8378760015261575,0.9825109778424876
2017-07-04 09:12:40,24,131,8,19971.025177597843,52.364106276285106,7273.862162613888,10016575.874305625,0.0,BENIGN,0.1384593942521299,-0.4178180475812181,-0.24357450458984187,-0.3479961475340659,-0.4390297005642576,0.7852245518157842,1.280796101018921
2017-07-04 09:12:50,22,119,8,19183.62420777139,72.06801936614654,9732.61843917743,5603523.9376862515,0.0,BENIGN,-0.7745072365978529,-0.4346815553517356,-0.24357450458984187,-0.357407540399093,-0.40118904885458684,1.5894097551559774,0.12636158365271138
2017-07-04 09:13:00,25,161,8,17434.039169774485,54.60214282671247,8210.437339682405,7250115.519286387,0.0,BENIGN,0.5949427096771214,-0.37565927815492434,-0.24357450458984187,-0.37831941728818486,-0.4347316323971882,1.0915501142122725,0.557102527812093
2017-07-04 09:13:10,23,142,8,22679.8420810157,62.06375480106761,8540.549273280318,7734725.9155560555,0.0,BENIGN,-0.31802392117286155,-0.4023598321249104,-0.24357450458984187,-0.3156190727596842,-0.42040187674781093,1.1995197958663222,0.6838744255742552
2017-07-04 09:13:20,24,141,8,18630.00327155853,46.717873458990915,9147.847586365906,7817003.613088366,0.0,BENIGN,0.1384593942521299,-0.40376512443912016,-0.24357450458984187,-0.3640246825270126,-0.44987308626823125,1.39814880275572,0.7053979008029374
2017-07-04 09:13:30,26,117,9,16317.687461730275,54.5930241656177,8541.439609902836,6989007.52509606,0.0,BENIGN,1.0514260251021128,-0.4374921399801552,-0.08688480803966912,-0.3916625866549483,-0.43474914445567997,1.1998109981886695,0.48879785214029886
2017-07-04 09:13:40,21,100,8,14760.818827655028,66.3415405077028,8973.94301735813,8023545.171533492,0.0,BENIGN,-1.2309905520228444,-0.4613821093217216,-0.24357450458984187,-0.41027102494243195,-0.4121865441752834,1.3412698503673324,0.7594282425628218
2017-07-04 09:13:50,25,183,9,18035.450712853126,54.53988123539135,6824.291805979761,9334073.022126948,0.0,BENIGN,0.5949427096771214,-0.34474284724230897,-0.08688480803966912,-0.3711310589772689,-0.4348512035291419,0.6381836140410004,1.1022564277787446
2017-07-04 09:14:00,25,156,8,16061.372227428654,60.88660674865547,7564.784453025317,8415910.33789076,0.0,BENIGN,0.5949427096771214,-0.3826857397259733,-0.24357450458984187,-0.3947261888852525,-0.4226625469638689,0.8803764802524225,0.8620692035033257
2017-07-04 09:14:10,24,136,9,16175.882034499307,66.90687826573914,7626.332499561089,7827528.260297321,0.0,BENIGN,0.1384593942521299,-0.41079158601016913,-0.08688480803966912,-0.39335751292149557,-0.41110083347900617,0.9005069945251667,0.7081511011267992
2017-07-04 09:14:20,23,131,9,15464.290184391544,55.71967377938871,7831.39876894604,7924325.447916115,0.0,BENIGN,-0.31802392117286155,-0.4178180475812181,-0.08688480803966912,-0.40186279894164323,-0.4325854546627383,0.9675780015686295,0.7334728095897892
2017-07-04 09:14:30,24,131,8,18047.104271771444,68.45421147849665,8062.833993026088,9639659.733391514,0.0,BENIGN,0.1384593942521299,-0.4178180475812181,-0.24357450458984187,-0.3709917700692552,-0.40812923606504425,1.0432735003502416,1.1821965355769055
2017-07-04 09:14:40,23,141,9,18221.81757301227,59.106264624043476,5953.973142209583,10182613.519331187,0.0,BENIGN,-0.31802392117286155,-0.40376512443912016,-0.08688480803966912,-0.3689035131585663,-0.4260816295569687,0.3535285637352453,1.32423080139241
2017-07-04 09:14:50,23,123,8,16405.588613820557,57.14401077655112,8232.298604691012,6422100.508832782,0.0,BENIGN,-0.31802392117286155,-0.4290603860948964,-0.24357450458984187,-0.3906119500576979,-0.4298500670277535,1.0987002762733906,0.34049752911877473
2017-07-04 09:15:00,27,152,9,19109.1286740504,57.88079114915275,8624.282804849747,6243837.066589159,0.0,BENIGN,1.5079093405271042,-0.3883069089828125,-0.08688480803966912,-0.3582979466360737,-0.4284351069972769,1.2269065148158176,0.29386461523827234
2017-07-04 09:15:10,22,137,9,15879.83578530221,69.77664947774761,6864.518744581297,8316540.1267373925,0.0,BENIGN,-0.7745072365978529,-0.40938629369595936,-0.08688480803966912,-0.39689599923809954,-0.4055895417662992,0.6513406353803596,0.836074403668431
2017-07-04 09:15:20,26,157,8,18005.70508931199,53.77636626223432,6338.659256156161,8135151.399533532,0.0,BENIGN,1.0514260251021128,-0.38128044741176353,-0.24357450458984187,-0.37148659289186714,-0.4363175063920601,0.47934781784962643,0.7886239293135625
2017-07-04 09:15:30,22,132,9,15217.725415943201,57.55624984920065,6409.103913359426,9832752.082509436,0.0,BENIGN,-0.7745072365978529,-0.41641275526700827,-0.08688480803966912,-0.4048098589421577,-0.4290583768138297,0.5023881458061715,1.232708624730295
2017-07-04 09:15:40,24,155,9,18608.52486521703,65.38486623987865,8514.289424123484,9005063.112825807,0.0,BENIGN,0.1384593942521299,-0.38409103204018313,-0.08688480803966912,-0.364281402708903,-0.414023802470285,1.1909309892671638,1.016188916834442
2017-07-04 09:15:50,22,126,8,18972.200560982936,65.85103656141469,6166.9734971865255,10918928.787445234,0.0,BENIGN,-0.7745072365978529,-0.424844509152267,-0.24357450458984187,-0.359934576911788,-0.4131285392454534,0.4231945714690701,1.5168475603571316
2017-07-04 09:16:00,25,160,8,20525.151766362378,51.44085332486916,6396.538002896305,8588484.338661907,0.0,BENIGN,0.5949427096771214,-0.37706457046913416,-0.24357450458984187,-0.3413729616050851,-0.4408027744311147,0.4982782145546435,0.9072137851106777
2017-07-04 09:16:10,25,126,8,17210.54990914506,55.65315172137421,7332.241386129588,8315653.336120115,0.0,BENIGN,0.5949427096771214,-0.424844509152267,-0.24357450458984187,-0.38099066778634155,-0.43271320786672657,0.8043186394166226,0.8358424232356227
2017-07-04 09:16:20,24,131,9,18725.002913236855,69.6055435158062,8595.045900510213,9207718.73521836,0.0,BENIGN,0.1384593942521299,-0.4178180475812181,-0.08688480803966912,-0.3628892013882624,-0.4059181445713229,1.2173440030347855,1.0692027152189483
2017-07-04 09:16:30,22,135,9,17589.95152751896,65.1856116230057,8670.690418309237,9509148.939725818,0.0,BENIGN,-0.7745072365978529,-0.4121968783243789,-0.08688480803966912,-0.3764558782433075,-0.41440646374798384,1.242085048947966,1.1480554995636387
2017-07-04 09:16:40,26,142,8,16353.164610006123,56.847904404994246,8295.72524833906,8913455.931755949,0.0,BENIGN,1.0514260251021128,-0.4023598321249104,-0.24357450458984187,-0.39123854681635317,-0.4304187285938088,1.1194452231416425,0.9922248907172524
2017-07-04 09:16:50,21,109,9,19589.87698191101,69.59950851618257,7425.455455823333,9510038.137358991,0.0,BENIGN,-1.2309905520228444,-0.44873447849383347,-0.08688480803966912,-0.352551813004221,-0.4059297345696032,0.8348061571528662,1.148288109660968
2017-07-04 09:17:00,25,178,9,17200.690716398094,63.3952195248944,7604.962035620245,11767642.535959523,0.0,BENIGN,0.5949427096771214,-0.35176930881335794,-0.08688480803966912,-0.3811085095719494,-0.4178448469513302,0.8935173587269567,1.7388672557334623
2017-07-04 09:17:10,26,154,9,15807.104539937642,62.37939575615566,6872.640991782614,10765481.921901207,0.0,BENIGN,1.0514260251021128,-0.3854963243543929,-0.08688480803966912,-0.3977653178570994,-0.41979569972133285,0.6539971780720572,1.4767065512074913
2017-07-04 09:17:20,22,137,8,17836.376692820708,57.219412476677874,7105.478734387725,9586740.003379647,0.0,BENIGN,-0.7745072365978529,-0.40938629369595936,-0.24357450458984187,-0.37351048684634847,-0.4297052607925757,0.7301513984667127,1.1683529724707347
2017-07-04 09:17:30,25,2229,5,242201.37809265175,1509.1081281341558,1848.1492051579248,1452467.6224472534,0.88,DDoS,0.5949427096771214,2.530485227630923,-0.7136435942403601,2.308207283709075,2.3585944520530515,-0.9893629172828372,-0.959536058765226
2017-07-04 09:17:40,21,1686,5,183102.4796272822,1325.2599750321149,2481.1869772908894,2289854.950784848,0.7619047619047619,DDoS,-1.2309905520228444,1.7674115010150067,-0.7136435942403601,1.601828992772334,2.005520730235824,-0.7823153077425042,-0.740479303911228
2017-07-04 09:17:50,23,2048,3,289246.4256195784,1513.180590639367,1392.9968181121692,935564.9242164567,0.9130434782608695,DDoS,-0.31802392117286155,2.276127318758951,-1.0270229873407055,2.8705121850192246,2.366415468850963,-1.1382295692629754,-1.094755477328083
2017-07-04 09:18:00,25,2067,7,231270.51746272205,1406.745883995662,1928.0864683362834,2375085.2427461995,0.8,DDoS,0.5949427096771214,2.302827872728937,-0.4002642011400146,2.1775564111761128,2.1620114682061478,-0.9632178435086308,-0.7181834432736217
2017-07-04 09:18:10,26,2657,5,286770.628266257,1567.9817666439205,1098.4802180207062,2130707.1071966123,0.8846153846153846,DDoS,1.0514260251021128,3.131950338112713,-0.7136435942403601,2.8409202713193498,2.471659143293259,-1.2345570882567007,-0.7821116632492424
2017-07-04 09:18:20,22,1841,5,291776.856356289,1208.725472061204,1426.4404522291645,2637065.703510169,0.8636363636363636,DDoS,-0.7745072365978529,1.985231809717524,-0.7136435942403601,2.900757103038785,1.781720436407344,-1.1272911627364042,-0.649650534274342
2017-07-04 09:18:30,26,2160,6,208105.96532095195,1606.1934781820787,1460.9561187636584,492097.8829585971,0.8846153846153846,DDoS,1.0514260251021128,2.4335200579504472,-0.5569538976901873,1.9006826084975934,2.54504335184876,-1.1160021266594904,-1.2107644586623294
2017-07-04 09:18:40,21,1529,6,229516.5280204147,1317.0681057187912,1675.3460561191223,1429122.5822664956,0.8095238095238095,DDoS,-1.2309905520228444,1.5467806076840693,-0.5569538976901873,2.1565918907408603,1.989788541805897,-1.0458816283369556,-0.9656430161681822
2017-07-04 09:18:50,26,2195,4,205703.73744067096,1370.2756583492933,1247.1588508759157,736277.7816418364,0.8461538461538461,DDoS,1.0514260251021128,2.48270528894779,-0.8703332907905328,1.871970032314675,2.0919717202554,-1.1859287806303271,-1.1468880965584072
2017-07-04 09:19:00,24,1689,5,188522.57177255224,1375.005513448377,1774.5357683119466,1428755.0857240304,0.75,DDoS,0.1384593942521299,1.771627377957636,-0.7136435942403601,1.6666125255574495,2.1010552357289694,-1.013439657723859,-0.9657391516090805
2017-07-04 09:19:10,21,1793,4,289070.78726112377,1481.2351288490656,1506.5781149235768,1167816.7768410156,0.9047619047619048,DDoS,-1.2309905520228444,1.9177777786354542,-0.8703332907905328,2.8684128713824264,2.3050653660668923,-1.1010805443097638,-1.0339994383684703
2017-07-04 09:19:20,26,1797,6,200530.17122067785,1446.7126783432598,2360.332583235521,302614.60142838,0.8076923076923077,DDoS,1.0514260251021128,1.9233989478922933,-0.5569538976901873,1.810133095257917,2.238766249754472,-0.8218431439840891,-1.2603324319841829
2017-07-04 09:19:30,24,2126,4,283573.38410684007,1711.1284343794548,874.3155758809293,413634.66302102857,0.9583333333333334,DDoS,0.1384593942521299,2.3857401192673144,-0.8703332907905328,2.802705280453491,2.7465671360598067,-1.3078745984301003,-1.2312900837264693
2017-07-04 09:19:40,23,2182,5,258277.7497684695,1518.3918662016115,999.7880922134779,198776.32606281186,0.9130434782608695,DDoS,-0.31802392117286155,2.464436488863063,-0.7136435942403601,2.5003597644440974,2.376423534894224,-1.266836313333571,-1.2874960573000498
2017-07-04 09:19:50,26,2229,5,243964.02596203383,1239.3255355985243,2576.847355787175,1198684.8802956035,0.8076923076923077,DDoS,1.0514260251021128,2.530485227630923,-0.7136435942403601,2.3292752938045083,1.8404867505566558,-0.7510276759971758,-1.025924481484798
2017-07-04 09:20:00,20,1558,5,252050.60689979367,1641.9314570089068,998.5262491949034,2250289.689873875,0.9,DDoS,-1.6874738674478358,1.5875340847961534,-0.7136435942403601,2.425929975544196,2.613676846293548,-1.2672490242208385,-0.7508293980275499
2017-07-04 09:20:10,27,2522,5,216291.63644603113,1520.3259666998295,1439.677194129271,316048.5355102246,0.8888888888888888,DDoS,1.5079093405271042,2.9422358756943914,-0.7136435942403601,1.9985216635333123,2.380137904877018,-1.1229618227046314,-1.2568181753130991
2017-07-04 09:20:20,22,2177,3,247900.0859946577,1639.2026331320862,607.9665294460153,358115.8564238136,0.9545454545454546,DoS Hulk,-0.7745072365978529,2.457410027292014,-1.0270229873407055,2.376320965230998,2.608436238835077,-1.3949893580784598,-1.245813553565327
2017-07-04 09:20:30,25,1862,8,205657.64381397492,1259.131040272331,2498.936922587131,3323797.327355051,0.72,DoS Hulk,0.5949427096771214,2.01474294831593,-0.24357450458984187,1.8714190992500308,1.8785225052251737,-0.7765098346651622,-0.4700046334058389
2017-07-04 09:20:40,24,1860,6,221342.2519741951,1393.8177332358564,1796.5245789846485,264397.8711893985,0.8333333333333334,DoS Hulk,0.1384593942521299,2.01193236368751,-0.5569538976901873,2.058889035135908,2.1371834227351374,-1.0062477793133846,-1.2703297565483143
2017-07-04 09:20:50,22,2012,6,237133.72754295336,1613.9545604386017,2177.6627650191963,1229437.52844499,0.8636363636363636,DoS Hulk,-0.7745072365978529,2.2255367954473986,-0.5569538976901873,2.2476363013842824,2.559948229332731,-0.881588945675229,-1.0178797271891424
2017-07-04 09:21:00,23,1720,5,241600.8486712792,1240.4421630389356,2629.7726310495423,2280807.9010776915,0.7391304347826086,DoS Hulk,-0.31802392117286155,1.8151914396981395,-0.7136435942403601,2.3010294689385518,1.8426311931285124,-0.7337174107812233,-0.7428459713813303
2017-07-04 09:21:10,24,2250,6,230507.78147996624,1465.240658493323,1215.4190259099844,1162170.1988017776,0.8333333333333334,DoS Hulk,0.1384593942521299,2.5599963662293286,-0.5569538976901873,2.168439826029425,2.2743485648278665,-1.1963099224447913,-1.0354765577604736
2017-07-04 09:21:20,27,1977,7,172105.21905081652,1321.1059762071336,2451.4100161966044,4098888.857138061,0.7037037037037037,DoS Hulk,1.5079093405271042,2.1763515644500555,-0.4002642011400146,1.4703844763311043,1.9975431258878142,-0.7920544558397401,-0.26724417897412794
2017-07-04 09:21:30,24,1590,7,209951.38120440292,1267.7441081298514,2813.7688418783455,2061290.7968607072,0.7083333333333334,DoS Hulk,0.1384593942521299,1.6325034388508666,-0.4002642011400146,1.9227399014703797,1.8950635902097546,-0.6735377859727039,-0.8002706574942461
2017-07-04 09:21:40,24,2049,4,247784.30159316174,1617.3341355127416,1550.036596469961,265937.51912345557,0.9166666666666666,DoS Hulk,0.1384593942521299,2.2775326110731604,-0.8703332907905328,2.374937054705258,2.5664385809052317,-1.0868665824981112,-1.2699269915808509
2017-07-04 09:21:50,23,1706,6,216974.30310670607,1172.4792854616214,2700.29308653603,3620522.7045551552,0.6956521739130435,DoS Hulk,-0.31802392117286155,1.7955173472992023,-0.5569538976901873,2.006681221859592,1.7121109473346237,-0.7106522914867212,-0.39238261070181424
2017-07-04 09:22:00,24,2096,6,194174.77565034025,1435.7432136240377,1827.7534437482054,1372297.11762065,0.8333333333333334,DoS Hulk,0.1384593942521299,2.343581349841021,-0.5569538976901873,1.7341703687473269,2.21769978991025,-0.9960337572082475,-0.9805083018694857
2017-07-04 09:22:10,22,2062,3,262699.10673793434,1463.2117375091557,1797.0634328632368,840228.9657372675,0.8636363636363636,DoS Hulk,-0.7745072365978529,2.2958014111578877,-1.0270229873407055,2.553205936890812,2.270452095534779,-1.0060715364217838,-1.1196949348271665
2017-07-04 09:22:20,22,2042,4,271808.06715807976,1474.0832099859856,1662.4549728690452,444615.1624389908,0.9090909090909091,DoS Hulk,-0.7745072365978529,2.267695564873692,-0.8703332907905328,2.662080587026011,2.2913303648252916,-1.0500979138238717,-1.2231857245648283
2017-07-04 09:22:30,25,2048,6,200902.05190526124,1507.9748042031829,2038.2677276548152,1768707.6380997992,0.8,DoS Hulk,0.5949427096771214,2.276127318758951,-0.5569538976901873,1.8145779910043636,2.356417944475567,-0.9271808685250055,-0.8768090945044341
2017-07-04 09:22:40,27,2207,4,207384.67750580728,1463.3385382330725,980.2046377441644,1488206.2737747042,0.8518518518518519,DoS Hulk,1.5079093405271042,2.4995687967183073,-0.8703332907905328,1.8920614316674713,2.270695611734246,-1.2732414720980334,-0.9501869884870886
2017-07-04 09:22:50,21,1629,7,180211.26531468585,1341.0702536338138,1189.1050623979472,1269839.1283049409,0.8095238095238095,DoS Hulk,-1.2309905520228444,1.6873098391050485,-0.4002642011400146,1.5672718169552518,2.035883797879864,-1.2049164282214393,-1.007310850569287
2017-07-04 09:23:00,25,2282,4,256826.61144120715,1131.3998389420915,1347.9154272396065,1095355.4561458991,0.84,DoS Hulk,0.5949427096771214,2.6049657202840417,-0.8703332907905328,2.483015065335618,1.633219357573632,-1.1529743358879865,-1.0529549936136384
2017-07-04 09:23:10,23,2254,5,270466.6451219075,1813.8618109987415,943.9096292651717,1927823.4008654456,0.9130434782608695,DoS Hulk,-0.31802392117286155,2.565617535486168,-0.7136435942403601,2.6460472694864046,2.943862866399237,-1.2851124773912896,-0.8351851273651688
2017-07-04 09:23:20,24,91,2,1920.6117364477147,27.404566357826056,2103.272631011728,1098809.3211236824,0.9583333333333334,FTP-Patator,0.1384593942521299,-0.4740297401496097,-1.1837126838908782,-0.5637433192809745,-0.4869635933184849,-0.9059197203898793,-1.052051478086076
2017-07-04 09:23:30,22,97,4,6633.640353455864,38.5898242404108,4505.652747678966,2686190.4192279247,0.6818181818181818,FTP-Patator,-0.7745072365978529,-0.46559798626435095,-0.8703332907905328,-0.5074109478482146,-0.4654827105168081,-0.12017346280526658,-0.6367997298208999
2017-07-04 09:23:40,23,111,6,7219.444840738753,37.35334379284405,3853.566749854284,3397865.797396029,0.6956521739130435,FTP-Patator,-0.31802392117286155,-0.4459238938654139,-0.5569538976901873,-0.5004091325302449,-0.46785732644963346,-0.33345117387993023,-0.45062865512779654
2017-07-04 09:23:50,25,94,3,2740.133169643313,28.95982878909852,2227.0714461784783,1254039.5807026858,0.92,FTP-Patator,0.5949427096771214,-0.4698138632069803,-1.0270229873407055,-0.553948007280262,-0.48397676812744206,-0.8654288525893127,-1.01144394108641
2017-07-04 09:24:00,28,111,4,4914.268520248579,33.58221388538636,2301.1358308864505,2642370.8212880017,0.8214285714285714,FTP-Patator,1.9643926559520957,-0.4459238938654139,-0.8703332907905328,-0.5279617020680655,-0.47509964490329415,-0.8412046206699568,-0.6482627393493372
2017-07-04 09:24:10,21,88,4,4869.002561198563,36.62411757355156,3069.856949816816,2283380.70830809,0.8095238095238095,FTP-Patator,-1.2309905520228444,-0.47824561709223906,-0.8703332907905328,-0.5285027424532784,-0.46925777900217774,-0.5897790705935051,-0.7421729365936236
2017-07-04 09:24:20,22,87,4,7343.230568728293,35.115948823972346,3817.1814406098842,2868512.770564387,0.7272727272727273,FTP-Patator,-0.7745072365978529,-0.4796509094064489,-0.8703332907905328,-0.4989295863246443,-0.4721541624825536,-0.34535171383674085,-0.5891050235964771
2017-07-04 09:24:30,26,92,2,3570.738627726661,35.18857150514309,3311.8722107029052,773560.030380791,0.8461538461538461,FTP-Patator,1.0514260251021128,-0.4726244478353999,-1.1837126838908782,-0.5440202137145755,-0.47201469325266654,-0.5106231600861303,-1.1371352281472882
2017-07-04 09:24:40,22,79,4,5115.780950161088,36.711438996079465,3500.9282848261155,2903772.815825257,0.8181818181818182,FTP-Patator,-0.7745072365978529,-0.49089324792012723,-0.8703332907905328,-0.5255531291582418,-0.4690900813716816,-0.448788606226256,-0.579881154510489
2017-07-04 09:24:50,25,86,3,2722.3569483235083,27.952195182474714,2369.2403469792453,1288363.191255109,0.92,FTP-Patator,0.5949427096771214,-0.48105620172065866,-1.0270229873407055,-0.5541604771766772,-0.48591189198762746,-0.8189296824646067,-1.0024650391039633
2017-07-04 09:25:00,26,100,3,4100.427406119623,29.78794664828683,2226.571459724254,1213476.924033395,0.8846153846153846,FTP-Patator,1.0514260251021128,-0.4613821093217216,-1.0270229873407055,-0.5376891201794086,-0.4823863977608458,-0.8655923831157785,-1.0220549494424493
2017-07-04 09:25:10,21,91,3,4071.1047897321496,22.482957320375732,3989.258742431077,1390220.2895832562,0.8095238095238095,FTP-Patator,-1.2309905520228444,-0.4740297401496097,-1.0270229873407055,-0.5380395981102573,-0.49641536528824426,-0.28907040556949126,-0.9758196807810663
2017-07-04 09:25:20,26,100,3,2772.204649681932,30.798105367378543,2736.7990725158866,557264.2067040671,0.8846153846153846,FTP-Patator,1.0514260251021128,-0.4613821093217216,-1.0270229873407055,-0.5535646736167629,-0.4804464245135873,-0.6987122818004513,-1.1937172417743132
2017-07-04 09:25:30,22,83,3,3378.091455224746,29.846850681267345,2784.722026788888,774812.5917821967,0.9090909090909091,FTP-Patator,-0.7745072365978529,-0.48527207866328803,-1.0270229873407055,-0.546322824829154,-0.482273274698125,-0.6830381252791063,-1.1368075637241928
2017-07-04 09:25:40,24,102,3,5341.27901872994,33.84224471952595,3555.4835647105524,1112340.959695679,0.75,FTP-Patator,0.1384593942521299,-0.45857152469330204,-1.0270229873407055,-0.522857868427138,-0.4746002651007353,-0.43094521553912973,-1.0485116623602715
2017-07-04 09:25:50,22,84,3,5806.237859234128,32.267515871879795,3060.033466629053,3067099.1178250057,0.8181818181818182,FTP-Patator,-0.7745072365978529,-0.48386678634907826,-1.0270229873407055,-0.5173004580584197,-0.47762447483964293,-0.5929920363925804,-0.5371557292650463
2017-07-04 09:26:00,25,117,3,3541.360896122211,26.500522972598468,2407.873449996956,1227319.6097449537,0.88,FTP-Patator,0.5949427096771214,-0.4374921399801552,-1.0270229873407055,-0.5443713504088493,-0.4886997759089588,-0.806293956792202,-1.0184337651853892
2017-07-04 09:26:10,22,94,6,5762.4332783531445,38.21131213529951,3128.7359970317557,1757289.1976356283,0.7272727272727273,FTP-Patator,-0.7745072365978529,-0.4698138632069803,-0.5569538976901873,-0.5178240313530394,-0.46620962931065824,-0.5705215056984595,-0.8797961071196602
2017-07-04 09:26:20,24,113,6,5978.572788078652,39.99972330557697,4420.04962391304,2948322.3646468767,0.625,FTP-Patator,0.1384593942521299,-0.4431133092369943,-0.5569538976901873,-0.5152406285917633,-0.46277505040749733,-0.14817166911324267,-0.5682271931179189
2017-07-04 09:26:30,26,98,4,4377.090319966928,31.481478380736675,2580.5310672727014,2360916.803007809,0.8461538461538461,FTP-Patator,1.0514260251021128,-0.4641926939501412,-0.8703332907905328,-0.5343823127545029,-0.47913403138292643,-0.7498228447992763,-0.7218898433174316
2017-07-04 09:26:40,24,81,4,2641.394291983182,29.988601755765348,2299.936090642355,1576052.9730362513,0.875,FTP-Patator,0.1384593942521299,-0.48808266329170763,-0.8703332907905328,-0.5551281815552773,-0.4820010468916437,-0.8415970196081314,-0.9272066874798209
2017-07-04 09:26:50,24,91,5,5434.293918558985,30.345109427578038,2304.5476878735726,2108160.895663921,0.7916666666666666,FTP-Patator,0.1384593942521299,-0.4740297401496097,-0.7136435942403601,-0.521746109871919,-0.4813163868152738,-0.8400887048994067,-0.7880096506744976
2017-07-04 09:27:00,26,116,4,4454.747794545953,31.329057266471516,3799.4446666652852,969663.4596833003,0.8076923076923077,FTP-Patator,1.0514260251021128,-0.43889743229436495,-0.8703332907905328,-0.5334541134885936,-0.4794267506144722,-0.351152878961237,-1.0858354539746493
2017-07-04 09:27:10,20,67,1,3723.527936075511,22.34889633990641,3349.5133743241677,480352.86547879473,0.85,FTP-Patator,-1.6874738674478358,-0.5077567556906447,-1.340402380441051,-0.5421940028492731,-0.49667282454756295,-0.49831186794658017,-1.2138369023544697
2017-07-04 09:27:20,24,104,4,3796.732185930638,33.4040207525532,2742.8217331577957,2470557.103530596,0.7916666666666666,FTP-Patator,0.1384593942521299,-0.45576094006488244,-0.8703332907905328,-0.5413190306544483,-0.47544185836342473,-0.6967424507036775,-0.6932084343433802
2017-07-04 09:27:30,26,99,5,5055.333703711469,38.88299127327868,3365.014268808688,2554812.6512382734,0.7307692307692307,FTP-Patator,1.0514260251021128,-0.4627874016359314,-0.7136435942403601,-0.5262756235489611,-0.4649196938442864,-0.4932419917242767,-0.6711675624138623
2017-07-04 09:27:40,22,92,4,4409.925732205294,38.987688609729936,3287.1766782277573,1335283.3591453168,0.7727272727272727,FTP-Patator,-0.7745072365978529,-0.4726244478353999,-0.8703332907905328,-0.5339898482080996,-0.46471862640019473,-0.5187003257631115,-0.9901909344364873
2017-07-04 09:27:50,26,98,5,5828.774732767792,38.48743462369197,3308.8536578683634,2554849.6906348485,0.7307692307692307,FTP-Patator,1.0514260251021128,-0.4641926939501412,-0.7136435942403601,-0.5170310865705722,-0.4656793460687045,-0.5116104379014134,-0.6711578730744838
2017-07-04 09:28:00,23,101,3,5061.408212796622,28.211034009294696,2715.7029317652823,750646.4874559019,0.8695652173913043,FTP-Patator,-0.31802392117286155,-0.4599768170075118,-1.0270229873407055,-0.5262030181120193,-0.48541480139196935,-0.7056121947364863,-1.1431293078108755
2017-07-04 09:28:10,23,85,6,5784.72345155235,36.420744856123285,3689.3524492129654,1569516.352667206,0.7391304347826086,FTP-Patator,-0.31802392117286155,-0.48246149403486843,-0.5569538976901873,-0.5175576085455421,-0.46964834894289736,-0.38716073102935905,-0.9289166379379896
2017-07-04 09:28:20,24,83,4,4625.593827566617,32.083690888242685,2591.972878117619,1675716.7450235132,0.8333333333333334,FTP-Patator,0.1384593942521299,-0.48527207866328803,-0.8703332907905328,-0.5314120800166978,-0.4779775040653416,-0.746080572712935,-0.9011350934525026
2017-07-04 09:28:30,23,96,4,7857.810100118507,36.05626619864187,2945.036986334175,1859175.0061798876,0.7391304347826086,FTP-Patator,-0.31802392117286155,-0.4670032785785608,-0.8703332907905328,-0.4927790857337163,-0.4703483170086548,-0.6306039252856896,-0.8531432383334927
2017-07-04 09:28:40,25,86,2,3393.1262810759245,28.91435252788444,2598.001828206462,1105900.3980235744,0.92,FTP-Patator,0.5949427096771214,-0.48105620172065866,-1.1837126838908782,-0.546143121402101,-0.4840641036406374,-0.744108684527295,-1.0501964842958136
2017-07-04 09:28:50,25,87,5,5147.112422082062,36.85397484727172,2924.0392637367595,2815569.389444141,0.8,FTP-Patator,0.5949427096771214,-0.4796509094064489,-0.7136435942403601,-0.5251786404255789,-0.46881634642997183,-0.6374716486048484,-0.6029547737261135
2017-07-04 09:29:00,23,75,3,3680.1343544719102,30.42565079860487,1812.559862751935,2964366.003467403,0.8260869565217391,FTP-Patator,-0.31802392117286155,-0.49651441717696637,-1.0270229873407055,-0.5427126636840217,-0.481161710028214,-1.001003120434451,-0.5640302494370883
2017-07-04 09:29:10,23,122,9,18003.746420553816,58.365815338789574,8778.619207447766,9277144.97778386,0.0,BENIGN,-0.31802392117286155,-0.4304656784091062,-0.08688480803966912,-0.3715100038373473,-0.4275036356013613,1.2773853087040634,1.0873643076904957
2017-07-04 09:29:20,24,89,9,16676.75237096587,68.86797418074941,8577.438460390296,7531425.873563032,0.0,BENIGN,0.1384593942521299,-0.4768403247780293,-0.08688480803966912,-0.3873708711829616,-0.4073346197756304,1.211585139113175,0.6306920499236897
2017-07-04 09:29:30,22,125,8,17857.737541234113,53.587420224911625,6603.510874928767,7594454.729970965,0.0,BENIGN,-0.7745072365978529,-0.42624980146647684,-0.24357450458984187,-0.37325517177302164,-0.43668037041595437,0.5659728139616083,0.6471801149799048
2017-07-04 09:29:40,26,145,9,17985.02942896674,65.31296842494766,6859.5715340366,6691096.402454584,0.0,BENIGN,1.0514260251021128,-0.398143955182281,-0.08688480803966912,-0.3717337182697999,-0.4141618796208023,0.6497225516541373,0.41086564376749246
2017-07-04 09:29:50,22,111,9,18898.107637376786,67.47668996046626,8989.551497044771,6078477.911353668,0.0,BENIGN,-0.7745072365978529,-0.4459238938654139,-0.08688480803966912,-0.3608201709601794,-0.410006530749293,1.3463749144724158,0.2506074047390448
2017-07-04 09:30:00,26,163,9,16378.626992852543,60.34076634165035,8342.878058915008,7361253.752552737,0.0,BENIGN,1.0514260251021128,-0.3728486935265048,-0.08688480803966912,-0.39093420824244945,-0.4237108137033915,1.1348674888304071,0.5861757892475924
2017-07-04 09:30:10,24,145,9,17435.05962487654,62.440599978713244,7043.25727553434,8004932.440565988,0.0,BENIGN,0.1384593942521299,-0.398143955182281,-0.08688480803966912,-0.37830722032090314,-0.4196781592278075,0.7098006312853199,0.7545592359433806
2017-07-04 09:30:20,24,152,8,20872.90561003464,59.56286563514934,8706.557528981368,10114510.584105805,0.0,BENIGN,0.1384593942521299,-0.3883069089828125,-0.24357450458984187,-0.33721644139677975,-0.4252047438463618,1.2538161017424323,1.3064153801630003
2017-07-04 09:30:30,24,160,8,16747.4598040772,70.72070624238205,7132.923146788072,5570300.966111486,0.0,BENIGN,0.1384593942521299,-0.37706457046913416,-0.24357450458984187,-0.3865257421356415,-0.40377651492935723,0.739127640063774,0.11767060387132074
2017-07-04 09:30:40,23,128,8,16201.796334133607,72.17195075059199,9309.192201345648,10007735.890408669,0.0,BENIGN,-0.31802392117286155,-0.42203392452384747,-0.24357450458984187,-0.39304777282207176,-0.40098945239359113,1.4509197720632898,1.2784836010324776
2017-07-04 09:30:50,22,126,9,18929.427394785696,60.15867342509935,7260.036176616635,6765337.127670131,0.0,BENIGN,-0.7745072365978529,-0.424844509152267,-0.08688480803966912,-0.36044582224496563,-0.4240605165569607,0.7807024877679724,0.43028668322364316
2017-07-04 09:31:00,23,156,9,17249.348562894313,75.12829470695057,8680.474203730017,5966529.931925403,0.0,BENIGN,-0.31802392117286155,-0.3826857397259733,-0.08688480803966912,-0.38052692772624375,-0.39531190085972256,1.245285030801817,0.22132231735337632
2017-07-04 09:31:10,26,138,9,18347.625838803466,67.75079881792655,7666.034688608777,8529442.213820715,0.0,BENIGN,1.0514260251021128,-0.40798100138174953,-0.08688480803966912,-0.3673997926141407,-0.40948011461264106,0.9134923860732016,0.8917686310825264
2017-07-04 09:31:20,23,133,7,14370.711865909736,66.47432734446883,7231.762781475088,7779628.320969397,0.0,BENIGN,-0.31802392117286155,-0.4150074629527985,-0.4002642011400146,-0.4149337698679001,-0.4119315318628165,0.7714551108572355,0.6956206926625239
2017-07-04 09:31:30,25,164,9,22276.04077559378,56.60792685446234,7472.756256928609,8667167.718652524,0.0,BENIGN,0.5949427096771214,-0.37144340121229497,-0.08688480803966912,-0.32044549902834135,-0.43087959679122745,0.850276826091296,0.92779700305345
2017-07-04 09:31:40,25,140,9,15052.419550861268,64.54100500291521,8376.667438622077,8270153.202387138,0.0,BENIGN,0.5949427096771214,-0.40517041675333,-0.08688480803966912,-0.4067856736779741,-0.41564440742390996,1.1459189783373076,0.8239397931101398
2017-07-04 09:31:50,21,122,7,18684.74375060222,66.60984689507326,7994.973327951519,10450337.583479444,0.0,BENIGN,-1.2309905520228444,-0.4304656784091062,-0.4002642011400146,-0.3633703981488596,-0.41167127147236077,1.0210783184763936,1.3942662111771125
2017-07-04 09:32:00,24,126,8,17253.418797252318,53.489367327266024,7817.740100627158,9617830.39935371,0.0,BENIGN,0.1384593942521299,-0.424844509152267,-0.24357450458984187,-0.3804782783391286,-0.43686867745588137,0.9631106620994536,1.176486080076655
2017-07-04 09:32:10,24,155,8,20504.272766957794,69.71398359724168,7429.979818290678,9350628.88230028,0.0,BENIGN,0.1384593942521299,-0.38409103204018313,-0.24357450458984187,-0.34162251738867594,-0.40570988932099505,0.8362859399948939,1.106587366259252
2017-07-04 09:32:20,25,136,9,17421.44276883347,64.33238198757965,8458.551183550475,10346121.156058514,0.0,BENIGN,0.5949427096771214,-0.41079158601016913,-0.08688480803966912,-0.37846997549484723,-0.4160450603716737,1.172700687729641,1.3670036629861488
2017-07-04 09:32:30,22,160,9,20712.82263885058,61.02854705988696,9749.482664618585,9660899.292546414,0.0,BENIGN,-0.7745072365978529,-0.37706457046913416,-0.08688480803966912,-0.3391298296075488,-0.4223899557350923,1.594925535916698,1.187752708623181
2017-07-04 09:32:40,25,172,9,19639.5068158753,57.8850354798198,7333.178959627645,11926843.82191488,0.0,BENIGN,0.5949427096771214,-0.3602010626986167,-0.08688480803966912,-0.3519586134995685,-0.42842695591389657,0.8046252914997787,1.7805135953540976
2017-07-04 09:32:50,27,180,8,19519.322544513274,58.04548035262227,8904.090750576588,8325717.783774614,0.0,BENIGN,1.5079093405271042,-0.34895872418493834,-0.24357450458984187,-0.3533951133736216,-0.42811882734457984,1.3184232754949343,0.8384752374280341
2017-07-04 09:33:00,19,113,8,19087.95055993079,63.552462058973845,7412.562940845859,7536609.815292872,0.0,BENIGN,-2.1439571828728274,-0.4431133092369943,-0.24357450458984187,-0.3585510775817518,-0.4175428683575904,0.830589403390994,0.6320481457401207
2017-07-04 09:33:10,28,169,9,16493.12564309862,63.29274535980783,7940.632547738396,11411989.223225111,0.0,BENIGN,1.9643926559520957,-0.36441693964124605,-0.08688480803966912,-0.3895656656303942,-0.41804164487530576,1.0033050841782662,1.6458299504098435
2017-07-04 09:33:20,22,125,9,16021.94688433109,67.18994468509563,6528.392952351772,7492945.254363943,0.0,BENIGN,-0.7745072365978529,-0.42624980146647684,-0.08688480803966912,-0.3951974194360752,-0.41055721466904077,0.5414040015022848,0.6206256931957235
2017-07-04 09:33:30,22,155,9,16341.257901106823,61.12912995899227,8280.690229710634,8141909.058183994,0.0,BENIGN,-0.7745072365978529,-0.38409103204018313,-0.08688480803966912,-0.3913808614939761,-0.4221967899189605,1.114527720895416,0.7903917023909508
2017-07-04 09:33:40,28,181,9,17035.193253384332,69.21012063383317,7168.255955675485,10894984.131558204,0.0,BENIGN,1.9643926559520957,-0.34755343187072857,-0.08688480803966912,-0.38308661437785424,-0.40667753989988203,0.7506839388195893,1.5105837461851146
2017-07-04 09:33:50,20,152,8,22462.309171720368,68.93144320489766,6731.258471630365,7025822.436873111,0.0,BENIGN,-1.6874738674478358,-0.3883069089828125,-0.24357450458984187,-0.3182191300988337,-0.40721272981264717,0.6077552093982471,0.4984284673063141
2017-07-04 09:34:00,25,147,8,18257.89689121264,63.168489927340914,9918.044842701229,11238613.437556958,0.0,BENIGN,0.5949427096771214,-0.3953333705538614,-0.24357450458984187,-0.36847227589712267,-0.4182802729346954,1.6500571529659138,1.600475625483378
2017-07-04 09:34:10,23,113,9,16121.159428619962,55.27488666046214,8572.457608706307,9127278.29716784,0.0,BENIGN,-0.31802392117286155,-0.4431133092369943,-0.08688480803966912,-0.3940115836710427,-0.4334396522211364,1.2099560523824255,1.0481598587986551
2017-07-04 09:34:20,24,145,9,19133.429507154215,60.18445317575888,8759.426488107334,11231793.674868904,0.0,BENIGN,0.1384593942521299,-0.398143955182281,-0.08688480803966912,-0.358007491460056,-0.424011007479174,1.2711079476445086,1.5986916062693721
2017-07-04 09:34:30,26,144,7,15909.393214692089,60.94769109879754,7917.22067891881,7226042.2384546045,0.0,BENIGN,1.0514260251021128,-0.3995492474964908,-0.4002642011400146,-0.3965427147099769,-0.42254523668097754,0.9956477662624106,0.5508050659336476
2017-07-04 09:34:40,21,121,8,17675.623664122733,57.83390476173525,9283.368425091749,6013892.776228643,0.0,BENIGN,-1.2309905520228444,-0.431870970723316,-0.24357450458984187,-0.37543188390489296,-0.4285251506067923,1.4424735917908886,0.23371222417740242
2017-07-04 09:34:50,25,146,8,18524.924636290314,54.81922143143339,6902.109593472996,9306097.160648422,0.0,BENIGN,0.5949427096771214,-0.39673866286807125,-0.24357450458984187,-0.36528063261613686,-0.4343147407961441,0.6636354710856502,1.0949380683740269
2017-07-04 09:35:00,4,33,4,24625.444156815298,63.22520379126064,4797.396860869401,7419458.82074703,0.0,BENIGN,-8.991206914247698,-0.5555366943737776,-0.8703332907905328,-0.29236430651473266,-0.4181713560123608,-0.024752740863169972,0.6014019730256651
